20,30,50,60,70,80
00000_00000 - Copie.jpg,00000_00000 - Copie.jpg,00000_00000.jpg,00000_00000.jpg,00000_00000.jpg,00000_00000.jpg
00000_00000.jpg,00000_00000.jpg,00000_00001.jpg,00000_00001.jpg,00000_00001.jpg,00000_00001.jpg
00000_00001 - Copie.jpg,00000_00001 - Copie.jpg,00000_00002.jpg,00000_00002.jpg,00000_00002.jpg,00000_00002.jpg
00000_00001.jpg,00000_00001.jpg,00000_00003.jpg,00000_00003.jpg,00000_00003.jpg,00000_00003.jpg
00000_00002 - Copie.jpg,00000_00002 - Copie.jpg,00000_00004.jpg,00000_00004.jpg,00000_00004.jpg,00000_00004.jpg
00000_00002.jpg,00000_00002.jpg,00000_00005.jpg,00000_00005.jpg,00000_00005.jpg,00000_00005.jpg
00000_00003 - Copie.jpg,00000_00003 - Copie.jpg,00000_00006.jpg,00000_00006.jpg,00000_00006.jpg,00000_00006.jpg
00000_00003.jpg,00000_00003.jpg,00000_00007.jpg,00000_00007.jpg,00000_00007.jpg,00000_00007.jpg
00000_00004 - Copie.jpg,00000_00004 - Copie.jpg,00000_00008.jpg,00000_00008.jpg,00000_00008.jpg,00000_00008.jpg
00000_00004.jpg,00000_00004.jpg,00000_00009.jpg,00000_00009.jpg,00000_00009.jpg,00000_00009.jpg
00000_00005 - Copie.jpg,00000_00005 - Copie.jpg,00000_00010.jpg,00000_00010.jpg,00000_00010.jpg,00000_00010.jpg
00000_00005.jpg,00000_00005.jpg,00000_00011.jpg,00000_00011.jpg,00000_00011.jpg,00000_00011.jpg
00000_00006 - Copie.jpg,00000_00006 - Copie.jpg,00000_00012.jpg,00000_00012.jpg,00000_00012.jpg,00000_00012.jpg
00000_00006.jpg,00000_00006.jpg,00000_00013.jpg,00000_00013.jpg,00000_00013.jpg,00000_00013.jpg
00000_00007 - Copie.jpg,00000_00007 - Copie.jpg,00000_00014.jpg,00000_00014.jpg,00000_00014.jpg,00000_00014.jpg
00000_00007.jpg,00000_00007.jpg,00000_00015.jpg,00000_00015.jpg,00000_00015.jpg,00000_00015.jpg
00000_00008 - Copie.jpg,00000_00008 - Copie.jpg,00000_00016.jpg,00000_00016.jpg,00000_00016.jpg,00000_00016.jpg
00000_00008.jpg,00000_00008.jpg,00000_00017.jpg,00000_00017.jpg,00000_00017.jpg,00000_00017.jpg
00000_00009 - Copie.jpg,00000_00009 - Copie.jpg,00000_00018.jpg,00000_00018.jpg,00000_00018.jpg,00000_00018.jpg
00000_00009.jpg,00000_00009.jpg,00000_00019.jpg,00000_00019.jpg,00000_00019.jpg,00000_00019.jpg
00000_00010 - Copie.jpg,00000_00010 - Copie.jpg,00000_00020.jpg,00000_00020.jpg,00000_00020.jpg,00000_00020.jpg
00000_00010.jpg,00000_00010.jpg,00000_00021.jpg,00000_00021.jpg,00000_00021.jpg,00000_00021.jpg
00000_00011 - Copie.jpg,00000_00011 - Copie.jpg,00000_00022.jpg,00000_00022.jpg,00000_00022.jpg,00000_00022.jpg
00000_00011.jpg,00000_00011.jpg,00000_00023.jpg,00000_00023.jpg,00000_00023.jpg,00000_00023.jpg
00000_00012 - Copie.jpg,00000_00012 - Copie.jpg,00000_00024.jpg,00000_00024.jpg,00000_00024.jpg,00000_00024.jpg
00000_00012.jpg,00000_00012.jpg,00000_00025.jpg,00000_00025.jpg,00000_00025.jpg,00000_00025.jpg
00000_00013 - Copie.jpg,00000_00013 - Copie.jpg,00000_00026.jpg,00000_00026.jpg,00000_00026.jpg,00000_00026.jpg
00000_00013.jpg,00000_00013.jpg,00000_00027.jpg,00000_00027.jpg,00000_00027.jpg,00000_00027.jpg
00000_00014 - Copie.jpg,00000_00014 - Copie.jpg,00000_00028.jpg,00000_00028.jpg,00000_00028.jpg,00000_00028.jpg
00000_00014.jpg,00000_00014.jpg,00000_00029.jpg,00000_00029.jpg,00000_00029.jpg,00000_00029.jpg
00000_00015 - Copie.jpg,00000_00015 - Copie.jpg,00001_00000.jpg,00001_00000.jpg,00001_00000.jpg,00001_00000.jpg
00000_00015.jpg,00000_00015.jpg,00001_00001.jpg,00001_00001.jpg,00001_00001.jpg,00001_00001.jpg
00000_00016 - Copie.jpg,00000_00016 - Copie.jpg,00001_00002.jpg,00001_00002.jpg,00001_00002.jpg,00001_00002.jpg
00000_00016.jpg,00000_00016.jpg,00001_00003.jpg,00001_00003.jpg,00001_00003.jpg,00001_00003.jpg
00000_00017 - Copie.jpg,00000_00017 - Copie.jpg,00001_00004.jpg,00001_00004.jpg,00001_00004.jpg,00001_00004.jpg
00000_00017.jpg,00000_00017.jpg,00001_00005.jpg,00001_00005.jpg,00001_00005.jpg,00001_00005.jpg
00000_00018 - Copie.jpg,00000_00018 - Copie.jpg,00001_00006.jpg,00001_00006.jpg,00001_00006.jpg,00001_00006.jpg
00000_00018.jpg,00000_00018.jpg,00001_00007.jpg,00001_00007.jpg,00001_00007.jpg,00001_00007.jpg
00000_00019 - Copie.jpg,00000_00019 - Copie.jpg,00001_00008.jpg,00001_00008.jpg,00001_00008.jpg,00001_00008.jpg
00000_00019.jpg,00000_00019.jpg,00001_00009.jpg,00001_00009.jpg,00001_00009.jpg,00001_00009.jpg
00000_00020 - Copie.jpg,00000_00020 - Copie.jpg,00001_00010.jpg,00001_00010.jpg,00001_00010.jpg,00001_00010.jpg
00000_00020.jpg,00000_00020.jpg,00001_00011.jpg,00001_00011.jpg,00001_00011.jpg,00001_00011.jpg
00000_00021 - Copie.jpg,00000_00021 - Copie.jpg,00001_00012.jpg,00001_00012.jpg,00001_00012.jpg,00001_00012.jpg
00000_00021.jpg,00000_00021.jpg,00001_00013.jpg,00001_00013.jpg,00001_00013.jpg,00001_00013.jpg
00000_00022 - Copie.jpg,00000_00022 - Copie.jpg,00001_00014.jpg,00001_00014.jpg,00001_00014.jpg,00001_00014.jpg
00000_00022.jpg,00000_00022.jpg,00001_00015.jpg,00001_00015.jpg,00001_00015.jpg,00001_00015.jpg
00000_00023 - Copie.jpg,00000_00023 - Copie.jpg,00001_00016.jpg,00001_00016.jpg,00001_00016.jpg,00001_00016.jpg
00000_00023.jpg,00000_00023.jpg,00001_00017.jpg,00001_00017.jpg,00001_00017.jpg,00001_00017.jpg
00000_00024 - Copie.jpg,00000_00024 - Copie.jpg,00001_00018.jpg,00001_00018.jpg,00001_00018.jpg,00001_00018.jpg
00000_00024.jpg,00000_00024.jpg,00001_00019.jpg,00001_00019.jpg,00001_00019.jpg,00001_00019.jpg
00000_00025 - Copie.jpg,00000_00025 - Copie.jpg,00001_00020.jpg,00001_00020.jpg,00001_00020.jpg,00001_00020.jpg
00000_00025.jpg,00000_00025.jpg,00001_00021.jpg,00001_00021.jpg,00001_00021.jpg,00001_00021.jpg
00000_00026 - Copie.jpg,00000_00026 - Copie.jpg,00001_00022.jpg,00001_00022.jpg,00001_00022.jpg,00001_00022.jpg
00000_00026.jpg,00000_00026.jpg,00001_00023.jpg,00001_00023.jpg,00001_00023.jpg,00001_00023.jpg
00000_00027 - Copie.jpg,00000_00027 - Copie.jpg,00001_00024.jpg,00001_00024.jpg,00001_00024.jpg,00001_00024.jpg
00000_00027.jpg,00000_00027.jpg,00001_00025.jpg,00001_00025.jpg,00001_00025.jpg,00001_00025.jpg
00000_00028 - Copie.jpg,00000_00028 - Copie.jpg,00001_00026.jpg,00001_00026.jpg,00001_00026.jpg,00001_00026.jpg
00000_00028.jpg,00000_00028.jpg,00001_00027.jpg,00001_00027.jpg,00001_00027.jpg,00001_00027.jpg
00000_00029 - Copie.jpg,00000_00029 - Copie.jpg,00001_00028.jpg,00001_00028.jpg,00001_00028.jpg,00001_00028.jpg
00000_00029.jpg,00000_00029.jpg,00001_00029.jpg,00001_00029.jpg,00001_00029.jpg,00001_00029.jpg
00001_00000 - Copie.jpg,00001_00000 - Copie.jpg,00002_00000.jpg,00002_00000.jpg,00002_00000.jpg,00002_00000.jpg
00001_00000.jpg,00001_00000.jpg,00002_00001.jpg,00002_00001.jpg,00002_00001.jpg,00002_00001.jpg
00001_00001 - Copie.jpg,00001_00001 - Copie.jpg,00002_00002.jpg,00002_00002.jpg,00002_00002.jpg,00002_00002.jpg
00001_00001.jpg,00001_00001.jpg,00002_00003.jpg,00002_00003.jpg,00002_00003.jpg,00002_00003.jpg
00001_00002 - Copie.jpg,00001_00002 - Copie.jpg,00002_00004.jpg,00002_00004.jpg,00002_00004.jpg,00002_00004.jpg
00001_00002.jpg,00001_00002.jpg,00002_00005.jpg,00002_00005.jpg,00002_00005.jpg,00002_00005.jpg
00001_00003 - Copie.jpg,00001_00003 - Copie.jpg,00002_00006.jpg,00002_00006.jpg,00002_00006.jpg,00002_00006.jpg
00001_00003.jpg,00001_00003.jpg,00002_00007.jpg,00002_00007.jpg,00002_00007.jpg,00002_00007.jpg
00001_00004 - Copie.jpg,00001_00004 - Copie.jpg,00002_00008.jpg,00002_00008.jpg,00002_00008.jpg,00002_00008.jpg
00001_00004.jpg,00001_00004.jpg,00002_00009.jpg,00002_00009.jpg,00002_00009.jpg,00002_00009.jpg
00001_00005 - Copie.jpg,00001_00005 - Copie.jpg,00002_00010.jpg,00002_00010.jpg,00002_00010.jpg,00002_00010.jpg
00001_00005.jpg,00001_00005.jpg,00002_00011.jpg,00002_00011.jpg,00002_00011.jpg,00002_00011.jpg
00001_00006 - Copie.jpg,00001_00006 - Copie.jpg,00002_00012.jpg,00002_00012.jpg,00002_00012.jpg,00002_00012.jpg
00001_00006.jpg,00001_00006.jpg,00002_00013.jpg,00002_00013.jpg,00002_00013.jpg,00002_00013.jpg
00001_00007 - Copie.jpg,00001_00007 - Copie.jpg,00002_00014.jpg,00002_00014.jpg,00002_00014.jpg,00002_00014.jpg
00001_00007.jpg,00001_00007.jpg,00002_00015.jpg,00002_00015.jpg,00002_00015.jpg,00002_00015.jpg
00001_00008 - Copie.jpg,00001_00008 - Copie.jpg,00002_00016.jpg,00002_00016.jpg,00002_00016.jpg,00002_00016.jpg
00001_00008.jpg,00001_00008.jpg,00002_00017.jpg,00002_00017.jpg,00002_00017.jpg,00002_00017.jpg
00001_00009 - Copie.jpg,00001_00009 - Copie.jpg,00002_00018.jpg,00002_00018.jpg,00002_00018.jpg,00002_00018.jpg
00001_00009.jpg,00001_00009.jpg,00002_00019.jpg,00002_00019.jpg,00002_00019.jpg,00002_00019.jpg
00001_00010 - Copie.jpg,00001_00010 - Copie.jpg,00002_00020.jpg,00002_00020.jpg,00002_00020.jpg,00002_00020.jpg
00001_00010.jpg,00001_00010.jpg,00002_00021.jpg,00002_00021.jpg,00002_00021.jpg,00002_00021.jpg
00001_00011 - Copie.jpg,00001_00011 - Copie.jpg,00002_00022.jpg,00002_00022.jpg,00002_00022.jpg,00002_00022.jpg
00001_00011.jpg,00001_00011.jpg,00002_00023.jpg,00002_00023.jpg,00002_00023.jpg,00002_00023.jpg
00001_00012 - Copie.jpg,00001_00012 - Copie.jpg,00002_00024.jpg,00002_00024.jpg,00002_00024.jpg,00002_00024.jpg
00001_00012.jpg,00001_00012.jpg,00002_00025.jpg,00002_00025.jpg,00002_00025.jpg,00002_00025.jpg
00001_00013 - Copie.jpg,00001_00013 - Copie.jpg,00002_00026.jpg,00002_00026.jpg,00002_00026.jpg,00002_00026.jpg
00001_00013.jpg,00001_00013.jpg,00002_00027.jpg,00002_00027.jpg,00002_00027.jpg,00002_00027.jpg
00001_00014 - Copie.jpg,00001_00014 - Copie.jpg,00002_00028.jpg,00002_00028.jpg,00002_00028.jpg,00002_00028.jpg
00001_00014.jpg,00001_00014.jpg,00002_00029.jpg,00002_00029.jpg,00002_00029.jpg,00002_00029.jpg
00001_00015 - Copie.jpg,00001_00015 - Copie.jpg,00003_00000.jpg,00003_00000.jpg,00003_00000.jpg,00003_00000.jpg
00001_00015.jpg,00001_00015.jpg,00003_00001.jpg,00003_00001.jpg,00003_00001.jpg,00003_00001.jpg
00001_00016 - Copie.jpg,00001_00016 - Copie.jpg,00003_00002.jpg,00003_00002.jpg,00003_00002.jpg,00003_00002.jpg
00001_00016.jpg,00001_00016.jpg,00003_00003.jpg,00003_00003.jpg,00003_00003.jpg,00003_00003.jpg
00001_00017 - Copie.jpg,00001_00017 - Copie.jpg,00003_00004.jpg,00003_00004.jpg,00003_00004.jpg,00003_00004.jpg
00001_00017.jpg,00001_00017.jpg,00003_00005.jpg,00003_00005.jpg,00003_00005.jpg,00003_00005.jpg
00001_00018 - Copie.jpg,00001_00018 - Copie.jpg,00003_00006.jpg,00003_00006.jpg,00003_00006.jpg,00003_00006.jpg
00001_00018.jpg,00001_00018.jpg,00003_00007.jpg,00003_00007.jpg,00003_00007.jpg,00003_00007.jpg
00001_00019 - Copie.jpg,00001_00019 - Copie.jpg,00003_00008.jpg,00003_00008.jpg,00003_00008.jpg,00003_00008.jpg
00001_00019.jpg,00001_00019.jpg,00003_00009.jpg,00003_00009.jpg,00003_00009.jpg,00003_00009.jpg
00001_00020 - Copie.jpg,00001_00020 - Copie.jpg,00003_00010.jpg,00003_00010.jpg,00003_00010.jpg,00003_00010.jpg
00001_00020.jpg,00001_00020.jpg,00003_00011.jpg,00003_00011.jpg,00003_00011.jpg,00003_00011.jpg
00001_00021 - Copie.jpg,00001_00021 - Copie.jpg,00003_00012.jpg,00003_00012.jpg,00003_00012.jpg,00003_00012.jpg
00001_00021.jpg,00001_00021.jpg,00003_00013.jpg,00003_00013.jpg,00003_00013.jpg,00003_00013.jpg
00001_00022 - Copie.jpg,00001_00022 - Copie.jpg,00003_00014.jpg,00003_00014.jpg,00003_00014.jpg,00003_00014.jpg
00001_00022.jpg,00001_00022.jpg,00003_00015.jpg,00003_00015.jpg,00003_00015.jpg,00003_00015.jpg
00001_00023 - Copie.jpg,00001_00023 - Copie.jpg,00003_00016.jpg,00003_00016.jpg,00003_00016.jpg,00003_00016.jpg
00001_00023.jpg,00001_00023.jpg,00003_00017.jpg,00003_00017.jpg,00003_00017.jpg,00003_00017.jpg
00001_00024 - Copie.jpg,00001_00024 - Copie.jpg,00003_00018.jpg,00003_00018.jpg,00003_00018.jpg,00003_00018.jpg
00001_00024.jpg,00001_00024.jpg,00003_00019.jpg,00003_00019.jpg,00003_00019.jpg,00003_00019.jpg
00001_00025 - Copie.jpg,00001_00025 - Copie.jpg,00003_00020.jpg,00003_00020.jpg,00003_00020.jpg,00003_00020.jpg
00001_00025.jpg,00001_00025.jpg,00003_00021.jpg,00003_00021.jpg,00003_00021.jpg,00003_00021.jpg
00001_00026 - Copie.jpg,00001_00026 - Copie.jpg,00003_00022.jpg,00003_00022.jpg,00003_00022.jpg,00003_00022.jpg
00001_00026.jpg,00001_00026.jpg,00003_00023.jpg,00003_00023.jpg,00003_00023.jpg,00003_00023.jpg
00001_00027 - Copie.jpg,00001_00027 - Copie.jpg,00003_00024.jpg,00003_00024.jpg,00003_00024.jpg,00003_00024.jpg
00001_00027.jpg,00001_00027.jpg,00003_00025.jpg,00003_00025.jpg,00003_00025.jpg,00003_00025.jpg
00001_00028 - Copie.jpg,00001_00028 - Copie.jpg,00003_00026.jpg,00003_00026.jpg,00003_00026.jpg,00003_00026.jpg
00001_00028.jpg,00001_00028.jpg,00003_00027.jpg,00003_00027.jpg,00003_00027.jpg,00003_00027.jpg
00001_00029 - Copie.jpg,00001_00029 - Copie.jpg,00003_00028.jpg,00003_00028.jpg,00003_00028.jpg,00003_00028.jpg
00001_00029.jpg,00001_00029.jpg,00003_00029.jpg,00003_00029.jpg,00003_00029.jpg,00003_00029.jpg
00002_00000.jpg,00002_00000 - Copie.jpg,00004_00000.jpg,00004_00000.jpg,00004_00000.jpg,00004_00000.jpg
00002_00001.jpg,00002_00000.jpg,00004_00001.jpg,00004_00001.jpg,00004_00001.jpg,00004_00001.jpg
00002_00002.jpg,00002_00001 - Copie.jpg,00004_00002.jpg,00004_00002.jpg,00004_00002.jpg,00004_00002.jpg
00002_00003.jpg,00002_00001.jpg,00004_00003.jpg,00004_00003.jpg,00004_00003.jpg,00004_00003.jpg
00002_00004.jpg,00002_00002 - Copie.jpg,00004_00004.jpg,00004_00004.jpg,00004_00004.jpg,00004_00004.jpg
00002_00005.jpg,00002_00002.jpg,00004_00005.jpg,00004_00005.jpg,00004_00005.jpg,00004_00005.jpg
00002_00006.jpg,00002_00003 - Copie.jpg,00004_00006.jpg,00004_00006.jpg,00004_00006.jpg,00004_00006.jpg
00002_00007.jpg,00002_00003.jpg,00004_00007.jpg,00004_00007.jpg,00004_00007.jpg,00004_00007.jpg
00002_00008.jpg,00002_00004 - Copie.jpg,00004_00008.jpg,00004_00008.jpg,00004_00008.jpg,00004_00008.jpg
00002_00009.jpg,00002_00004.jpg,00004_00009.jpg,00004_00009.jpg,00004_00009.jpg,00004_00009.jpg
00002_00010.jpg,00002_00005 - Copie.jpg,00004_00010.jpg,00004_00010.jpg,00004_00010.jpg,00004_00010.jpg
00002_00011.jpg,00002_00005.jpg,00004_00011.jpg,00004_00011.jpg,00004_00011.jpg,00004_00011.jpg
00002_00012.jpg,00002_00006 - Copie.jpg,00004_00012.jpg,00004_00012.jpg,00004_00012.jpg,00004_00012.jpg
00002_00013.jpg,00002_00006.jpg,00004_00013.jpg,00004_00013.jpg,00004_00013.jpg,00004_00013.jpg
00002_00014.jpg,00002_00007 - Copie.jpg,00004_00014.jpg,00004_00014.jpg,00004_00014.jpg,00004_00014.jpg
00002_00015.jpg,00002_00007.jpg,00004_00015.jpg,00004_00015.jpg,00004_00015.jpg,00004_00015.jpg
00002_00016.jpg,00002_00008 - Copie.jpg,00004_00016.jpg,00004_00016.jpg,00004_00016.jpg,00004_00016.jpg
00002_00017.jpg,00002_00008.jpg,00004_00017.jpg,00004_00017.jpg,00004_00017.jpg,00004_00017.jpg
00002_00018.jpg,00002_00009 - Copie.jpg,00004_00018.jpg,00004_00018.jpg,00004_00018.jpg,00004_00018.jpg
00002_00019.jpg,00002_00009.jpg,00004_00019.jpg,00004_00019.jpg,00004_00019.jpg,00004_00019.jpg
00002_00020.jpg,00002_00010 - Copie.jpg,00004_00020.jpg,00004_00020.jpg,00004_00020.jpg,00004_00020.jpg
00002_00021.jpg,00002_00010.jpg,00004_00021.jpg,00004_00021.jpg,00004_00021.jpg,00004_00021.jpg
00002_00022.jpg,00002_00011 - Copie.jpg,00004_00022.jpg,00004_00022.jpg,00004_00022.jpg,00004_00022.jpg
00002_00023.jpg,00002_00011.jpg,00004_00023.jpg,00004_00023.jpg,00004_00023.jpg,00004_00023.jpg
00002_00024.jpg,00002_00012 - Copie.jpg,00004_00024.jpg,00004_00024.jpg,00004_00024.jpg,00004_00024.jpg
00002_00025.jpg,00002_00012.jpg,00004_00025.jpg,00004_00025.jpg,00004_00025.jpg,00004_00025.jpg
00002_00026.jpg,00002_00013 - Copie.jpg,00004_00026.jpg,00004_00026.jpg,00004_00026.jpg,00004_00026.jpg
00002_00027.jpg,00002_00013.jpg,00004_00027.jpg,00004_00027.jpg,00004_00027.jpg,00004_00027.jpg
00002_00028.jpg,00002_00014 - Copie.jpg,00004_00028.jpg,00004_00028.jpg,00004_00028.jpg,00004_00028.jpg
00002_00029.jpg,00002_00014.jpg,00004_00029.jpg,00004_00029.jpg,00004_00029.jpg,00004_00029.jpg
00003_00000.jpg,00002_00015 - Copie.jpg,00005_00000.jpg,00005_00000.jpg,00005_00000.jpg,00005_00000.jpg
00003_00001.jpg,00002_00015.jpg,00005_00001.jpg,00005_00001.jpg,00005_00001.jpg,00005_00001.jpg
00003_00002.jpg,00002_00016 - Copie.jpg,00005_00002.jpg,00005_00002.jpg,00005_00002.jpg,00005_00002.jpg
00003_00003.jpg,00002_00016.jpg,00005_00003.jpg,00005_00003.jpg,00005_00003.jpg,00005_00003.jpg
00003_00004.jpg,00002_00017 - Copie.jpg,00005_00004.jpg,00005_00004.jpg,00005_00004.jpg,00005_00004.jpg
00003_00005.jpg,00002_00017.jpg,00005_00005.jpg,00005_00005.jpg,00005_00005.jpg,00005_00005.jpg
00003_00006.jpg,00002_00018 - Copie.jpg,00005_00006.jpg,00005_00006.jpg,00005_00006.jpg,00005_00006.jpg
00003_00007.jpg,00002_00018.jpg,00005_00007.jpg,00005_00007.jpg,00005_00007.jpg,00005_00007.jpg
00003_00008.jpg,00002_00019 - Copie.jpg,00005_00008.jpg,00005_00008.jpg,00005_00008.jpg,00005_00008.jpg
00003_00009.jpg,00002_00019.jpg,00005_00009.jpg,00005_00009.jpg,00005_00009.jpg,00005_00009.jpg
00003_00010.jpg,00002_00020 - Copie.jpg,00005_00010.jpg,00005_00010.jpg,00005_00010.jpg,00005_00010.jpg
00003_00011.jpg,00002_00020.jpg,00005_00011.jpg,00005_00011.jpg,00005_00011.jpg,00005_00011.jpg
00003_00012.jpg,00002_00021 - Copie.jpg,00005_00012.jpg,00005_00012.jpg,00005_00012.jpg,00005_00012.jpg
00003_00013.jpg,00002_00021.jpg,00005_00013.jpg,00005_00013.jpg,00005_00013.jpg,00005_00013.jpg
00003_00014.jpg,00002_00022 - Copie.jpg,00005_00014.jpg,00005_00014.jpg,00005_00014.jpg,00005_00014.jpg
00003_00015.jpg,00002_00022.jpg,00005_00015.jpg,00005_00015.jpg,00005_00015.jpg,00005_00015.jpg
00003_00016.jpg,00002_00023 - Copie.jpg,00005_00016.jpg,00005_00016.jpg,00005_00016.jpg,00005_00016.jpg
00003_00017.jpg,00002_00023.jpg,00005_00017.jpg,00005_00017.jpg,00005_00017.jpg,00005_00017.jpg
00003_00018.jpg,00002_00024 - Copie.jpg,00005_00018.jpg,00005_00018.jpg,00005_00018.jpg,00005_00018.jpg
00003_00019.jpg,00002_00024.jpg,00005_00019.jpg,00005_00019.jpg,00005_00019.jpg,00005_00019.jpg
00003_00020.jpg,00002_00025 - Copie.jpg,00005_00020.jpg,00005_00020.jpg,00005_00020.jpg,00005_00020.jpg
00003_00021.jpg,00002_00025.jpg,00005_00021.jpg,00005_00021.jpg,00005_00021.jpg,00005_00021.jpg
00003_00022.jpg,00002_00026 - Copie.jpg,00005_00022.jpg,00005_00022.jpg,00005_00022.jpg,00005_00022.jpg
00003_00023.jpg,00002_00026.jpg,00005_00023.jpg,00005_00023.jpg,00005_00023.jpg,00005_00023.jpg
00003_00024.jpg,00002_00027 - Copie.jpg,00005_00024.jpg,00005_00024.jpg,00005_00024.jpg,00005_00024.jpg
00003_00025.jpg,00002_00027.jpg,00005_00025.jpg,00005_00025.jpg,00005_00025.jpg,00005_00025.jpg
00003_00026.jpg,00002_00028 - Copie.jpg,00005_00026.jpg,00005_00026.jpg,00005_00026.jpg,00005_00026.jpg
00003_00027.jpg,00002_00028.jpg,00005_00027.jpg,00005_00027.jpg,00005_00027.jpg,00005_00027.jpg
00003_00028.jpg,00002_00029 - Copie.jpg,00005_00028.jpg,00005_00028.jpg,00005_00028.jpg,00005_00028.jpg
00003_00029.jpg,00002_00029.jpg,00005_00029.jpg,00005_00029.jpg,00005_00029.jpg,00005_00029.jpg
00004_00000.jpg,00003_00000 - Copie.jpg,00006_00000.jpg,00006_00000.jpg,00006_00000.jpg,00006_00000.jpg
00004_00001.jpg,00003_00000.jpg,00006_00001.jpg,00006_00001.jpg,00006_00001.jpg,00006_00001.jpg
00004_00002.jpg,00003_00001 - Copie.jpg,00006_00002.jpg,00006_00002.jpg,00006_00002.jpg,00006_00002.jpg
00004_00003.jpg,00003_00001.jpg,00006_00003.jpg,00006_00003.jpg,00006_00003.jpg,00006_00003.jpg
00004_00004.jpg,00003_00002 - Copie.jpg,00006_00004.jpg,00006_00004.jpg,00006_00004.jpg,00006_00004.jpg
00004_00005.jpg,00003_00002.jpg,00006_00005.jpg,00006_00005.jpg,00006_00005.jpg,00006_00005.jpg
00004_00006.jpg,00003_00003 - Copie.jpg,00006_00006.jpg,00006_00006.jpg,00006_00006.jpg,00006_00006.jpg
00004_00007.jpg,00003_00003.jpg,00006_00007.jpg,00006_00007.jpg,00006_00007.jpg,00006_00007.jpg
00004_00008.jpg,00003_00004 - Copie.jpg,00006_00008.jpg,00006_00008.jpg,00006_00008.jpg,00006_00008.jpg
00004_00009.jpg,00003_00004.jpg,00006_00009.jpg,00006_00009.jpg,00006_00009.jpg,00006_00009.jpg
00004_00010.jpg,00003_00005 - Copie.jpg,00006_00010.jpg,00006_00010.jpg,00006_00010.jpg,00006_00010.jpg
00004_00011.jpg,00003_00005.jpg,00006_00011.jpg,00006_00011.jpg,00006_00011.jpg,00006_00011.jpg
00004_00012.jpg,00003_00006 - Copie.jpg,00006_00012.jpg,00006_00012.jpg,00006_00012.jpg,00006_00012.jpg
00004_00013.jpg,00003_00006.jpg,00006_00013.jpg,00006_00013.jpg,00006_00013.jpg,00006_00013.jpg
00004_00014.jpg,00003_00007 - Copie.jpg,00006_00014.jpg,00006_00014.jpg,00006_00014.jpg,00006_00014.jpg
00004_00015.jpg,00003_00007.jpg,00006_00015.jpg,00006_00015.jpg,00006_00015.jpg,00006_00015.jpg
00004_00016.jpg,00003_00008 - Copie.jpg,00006_00016.jpg,00006_00016.jpg,00006_00016.jpg,00006_00016.jpg
00004_00017.jpg,00003_00008.jpg,00006_00017.jpg,00006_00017.jpg,00006_00017.jpg,00006_00017.jpg
00004_00018.jpg,00003_00009 - Copie.jpg,00006_00018.jpg,00006_00018.jpg,00006_00018.jpg,00006_00018.jpg
00004_00019.jpg,00003_00009.jpg,00006_00019.jpg,00006_00019.jpg,00006_00019.jpg,00006_00019.jpg
00004_00020.jpg,00003_00010 - Copie.jpg,00006_00020.jpg,00006_00020.jpg,00006_00020.jpg,00006_00020.jpg
00004_00021.jpg,00003_00010.jpg,00006_00021.jpg,00006_00021.jpg,00006_00021.jpg,00006_00021.jpg
00004_00022.jpg,00003_00011 - Copie.jpg,00006_00022.jpg,00006_00022.jpg,00006_00022.jpg,00006_00022.jpg
00004_00023.jpg,00003_00011.jpg,00006_00023.jpg,00006_00023.jpg,00006_00023.jpg,00006_00023.jpg
00004_00024.jpg,00003_00012 - Copie.jpg,00006_00024.jpg,00006_00024.jpg,00006_00024.jpg,00006_00024.jpg
00004_00025.jpg,00003_00012.jpg,00006_00025.jpg,00006_00025.jpg,00006_00025.jpg,00006_00025.jpg
00004_00026.jpg,00003_00013 - Copie.jpg,00006_00026.jpg,00006_00026.jpg,00006_00026.jpg,00006_00026.jpg
00004_00027.jpg,00003_00013.jpg,00006_00027.jpg,00006_00027.jpg,00006_00027.jpg,00006_00027.jpg
00004_00028.jpg,00003_00014 - Copie.jpg,00006_00028.jpg,00006_00028.jpg,00006_00028.jpg,00006_00028.jpg
00004_00029.jpg,00003_00014.jpg,00006_00029.jpg,00006_00029.jpg,00006_00029.jpg,00006_00029.jpg
00005_00000.jpg,00003_00015 - Copie.jpg,00007_00000.jpg,00007_00000.jpg,00007_00000.jpg,00007_00000.jpg
00005_00001.jpg,00003_00015.jpg,00007_00001.jpg,00007_00001.jpg,00007_00001.jpg,00007_00001.jpg
00005_00002.jpg,00003_00016 - Copie.jpg,00007_00002.jpg,00007_00002.jpg,00007_00002.jpg,00007_00002.jpg
00005_00003.jpg,00003_00016.jpg,00007_00003.jpg,00007_00003.jpg,00007_00003.jpg,00007_00003.jpg
00005_00004.jpg,00003_00017 - Copie.jpg,00007_00004.jpg,00007_00004.jpg,00007_00004.jpg,00007_00004.jpg
00005_00005.jpg,00003_00017.jpg,00007_00005.jpg,00007_00005.jpg,00007_00005.jpg,00007_00005.jpg
00005_00006.jpg,00003_00018 - Copie.jpg,00007_00006.jpg,00007_00006.jpg,00007_00006.jpg,00007_00006.jpg
00005_00007.jpg,00003_00018.jpg,00007_00007.jpg,00007_00007.jpg,00007_00007.jpg,00007_00007.jpg
00005_00008.jpg,00003_00019 - Copie.jpg,00007_00008.jpg,00007_00008.jpg,00007_00008.jpg,00007_00008.jpg
00005_00009.jpg,00003_00019.jpg,00007_00009.jpg,00007_00009.jpg,00007_00009.jpg,00007_00009.jpg
00005_00010.jpg,00003_00020 - Copie.jpg,00007_00010.jpg,00007_00010.jpg,00007_00010.jpg,00007_00010.jpg
00005_00011.jpg,00003_00020.jpg,00007_00011.jpg,00007_00011.jpg,00007_00011.jpg,00007_00011.jpg
00005_00012.jpg,00003_00021 - Copie.jpg,00007_00012.jpg,00007_00012.jpg,00007_00012.jpg,00007_00012.jpg
00005_00013.jpg,00003_00021.jpg,00007_00013.jpg,00007_00013.jpg,00007_00013.jpg,00007_00013.jpg
00005_00014.jpg,00003_00022 - Copie.jpg,00007_00014.jpg,00007_00014.jpg,00007_00014.jpg,00007_00014.jpg
00005_00015.jpg,00003_00022.jpg,00007_00015.jpg,00007_00015.jpg,00007_00015.jpg,00007_00015.jpg
00005_00016.jpg,00003_00023 - Copie.jpg,00007_00016.jpg,00007_00016.jpg,00007_00016.jpg,00007_00016.jpg
00005_00017.jpg,00003_00023.jpg,00007_00017.jpg,00007_00017.jpg,00007_00017.jpg,00007_00017.jpg
00005_00018.jpg,00003_00024 - Copie.jpg,00007_00018.jpg,00007_00018.jpg,00007_00018.jpg,00007_00018.jpg
00005_00019.jpg,00003_00024.jpg,00007_00019.jpg,00007_00019.jpg,00007_00019.jpg,00007_00019.jpg
00005_00020.jpg,00003_00025 - Copie.jpg,00007_00020.jpg,00007_00020.jpg,00007_00020.jpg,00007_00020.jpg
00005_00021.jpg,00003_00025.jpg,00007_00021.jpg,00007_00021.jpg,00007_00021.jpg,00007_00021.jpg
00005_00022.jpg,00003_00026 - Copie.jpg,00007_00022.jpg,00007_00022.jpg,00007_00022.jpg,00007_00022.jpg
00005_00023.jpg,00003_00026.jpg,00007_00023.jpg,00007_00023.jpg,00007_00023.jpg,00007_00023.jpg
00005_00024.jpg,00003_00027 - Copie.jpg,00007_00024.jpg,00007_00024.jpg,00007_00024.jpg,00007_00024.jpg
00005_00025.jpg,00003_00027.jpg,00007_00025.jpg,00007_00025.jpg,00007_00025.jpg,00007_00025.jpg
00005_00026.jpg,00003_00028 - Copie.jpg,00007_00026.jpg,00007_00026.jpg,00007_00026.jpg,00007_00026.jpg
00005_00027.jpg,00003_00028.jpg,00007_00027.jpg,00007_00027.jpg,00007_00027.jpg,00007_00027.jpg
00005_00028.jpg,00003_00029 - Copie.jpg,00007_00028.jpg,00007_00028.jpg,00007_00028.jpg,00007_00028.jpg
00005_00029.jpg,00003_00029.jpg,00007_00029.jpg,00007_00029.jpg,00007_00029.jpg,00007_00029.jpg
00006_00000.jpg,00004_00000 - Copie.jpg,00008_00000.jpg,00008_00000.jpg,00008_00000.jpg,00008_00000.jpg
00006_00001.jpg,00004_00000.jpg,00008_00001.jpg,00008_00001.jpg,00008_00001.jpg,00008_00001.jpg
00006_00002.jpg,00004_00001 - Copie.jpg,00008_00002.jpg,00008_00002.jpg,00008_00002.jpg,00008_00002.jpg
00006_00003.jpg,00004_00001.jpg,00008_00003.jpg,00008_00003.jpg,00008_00003.jpg,00008_00003.jpg
00006_00004.jpg,00004_00002 - Copie.jpg,00008_00004.jpg,00008_00004.jpg,00008_00004.jpg,00008_00004.jpg
00006_00005.jpg,00004_00002.jpg,00008_00005.jpg,00008_00005.jpg,00008_00005.jpg,00008_00005.jpg
00006_00006.jpg,00004_00003 - Copie.jpg,00008_00006.jpg,00008_00006.jpg,00008_00006.jpg,00008_00006.jpg
00006_00007.jpg,00004_00003.jpg,00008_00007.jpg,00008_00007.jpg,00008_00007.jpg,00008_00007.jpg
00006_00008.jpg,00004_00004 - Copie.jpg,00008_00008.jpg,00008_00008.jpg,00008_00008.jpg,00008_00008.jpg
00006_00009.jpg,00004_00004.jpg,00008_00009.jpg,00008_00009.jpg,00008_00009.jpg,00008_00009.jpg
00006_00010.jpg,00004_00005 - Copie.jpg,00008_00010.jpg,00008_00010.jpg,00008_00010.jpg,00008_00010.jpg
00006_00011.jpg,00004_00005.jpg,00008_00011.jpg,00008_00011.jpg,00008_00011.jpg,00008_00011.jpg
00006_00012.jpg,00004_00006 - Copie.jpg,00008_00012.jpg,00008_00012.jpg,00008_00012.jpg,00008_00012.jpg
00006_00013.jpg,00004_00006.jpg,00008_00013.jpg,00008_00013.jpg,00008_00013.jpg,00008_00013.jpg
00006_00014.jpg,00004_00007 - Copie.jpg,00008_00014.jpg,00008_00014.jpg,00008_00014.jpg,00008_00014.jpg
00006_00015.jpg,00004_00007.jpg,00008_00015.jpg,00008_00015.jpg,00008_00015.jpg,00008_00015.jpg
00006_00016.jpg,00004_00008 - Copie.jpg,00008_00016.jpg,00008_00016.jpg,00008_00016.jpg,00008_00016.jpg
00006_00017.jpg,00004_00008.jpg,00008_00017.jpg,00008_00017.jpg,00008_00017.jpg,00008_00017.jpg
00006_00018.jpg,00004_00009 - Copie.jpg,00008_00018.jpg,00008_00018.jpg,00008_00018.jpg,00008_00018.jpg
00006_00019.jpg,00004_00009.jpg,00008_00019.jpg,00008_00019.jpg,00008_00019.jpg,00008_00019.jpg
00006_00020.jpg,00004_00010 - Copie.jpg,00008_00020.jpg,00008_00020.jpg,00008_00020.jpg,00008_00020.jpg
00006_00021.jpg,00004_00010.jpg,00008_00021.jpg,00008_00021.jpg,00008_00021.jpg,00008_00021.jpg
00006_00022.jpg,00004_00011 - Copie.jpg,00008_00022.jpg,00008_00022.jpg,00008_00022.jpg,00008_00022.jpg
00006_00023.jpg,00004_00011.jpg,00008_00023.jpg,00008_00023.jpg,00008_00023.jpg,00008_00023.jpg
00006_00024.jpg,00004_00012 - Copie.jpg,00008_00024.jpg,00008_00024.jpg,00008_00024.jpg,00008_00024.jpg
00006_00025.jpg,00004_00012.jpg,00008_00025.jpg,00008_00025.jpg,00008_00025.jpg,00008_00025.jpg
00006_00026.jpg,00004_00013 - Copie.jpg,00008_00026.jpg,00008_00026.jpg,00008_00026.jpg,00008_00026.jpg
00006_00027.jpg,00004_00013.jpg,00008_00027.jpg,00008_00027.jpg,00008_00027.jpg,00008_00027.jpg
00006_00028.jpg,00004_00014 - Copie.jpg,00008_00028.jpg,00008_00028.jpg,00008_00028.jpg,00008_00028.jpg
00006_00029.jpg,00004_00014.jpg,00008_00029.jpg,00008_00029.jpg,00008_00029.jpg,00008_00029.jpg
0_10000_1577671998.6491628.jpg,00004_00015 - Copie.jpg,00009_00000.jpg,00009_00000.jpg,00009_00000.jpg,00009_00000.jpg
0_10001_1577671998.65016.jpg,00004_00015.jpg,00009_00001.jpg,00009_00001.jpg,00009_00001.jpg,00009_00001.jpg
0_10002_1577671998.65016.jpg,00004_00016 - Copie.jpg,00009_00002.jpg,00009_00002.jpg,00009_00002.jpg,00009_00002.jpg
0_10003_1577671998.651159.jpg,00004_00016.jpg,00009_00003.jpg,00009_00003.jpg,00009_00003.jpg,00009_00003.jpg
0_10004_1577671998.6521559.jpg,00004_00017 - Copie.jpg,00009_00004.jpg,00009_00004.jpg,00009_00004.jpg,00009_00004.jpg
0_10005_1577671998.6531546.jpg,00004_00017.jpg,00009_00005.jpg,00009_00005.jpg,00009_00005.jpg,00009_00005.jpg
0_10006_1577671998.6541514.jpg,00004_00018 - Copie.jpg,00009_00006.jpg,00009_00006.jpg,00009_00006.jpg,00009_00006.jpg
0_10007_1577671998.6541514.jpg,00004_00018.jpg,00009_00007.jpg,00009_00007.jpg,00009_00007.jpg,00009_00007.jpg
0_10008_1577671998.6551478.jpg,00004_00019 - Copie.jpg,00009_00008.jpg,00009_00008.jpg,00009_00008.jpg,00009_00008.jpg
0_10009_1577671998.656145.jpg,00004_00019.jpg,00009_00009.jpg,00009_00009.jpg,00009_00009.jpg,00009_00009.jpg
0_10010_1577671998.6571581.jpg,00004_00020 - Copie.jpg,00009_00010.jpg,00009_00010.jpg,00009_00010.jpg,00009_00010.jpg
0_10011_1577671998.6571581.jpg,00004_00020.jpg,00009_00011.jpg,00009_00011.jpg,00009_00011.jpg,00009_00011.jpg
0_10012_1577671998.658139.jpg,00004_00021 - Copie.jpg,00009_00012.jpg,00009_00012.jpg,00009_00012.jpg,00009_00012.jpg
0_10013_1577671998.659136.jpg,00004_00021.jpg,00009_00013.jpg,00009_00013.jpg,00009_00013.jpg,00009_00013.jpg
0_10014_1577671998.659136.jpg,00004_00022 - Copie.jpg,00009_00014.jpg,00009_00014.jpg,00009_00014.jpg,00009_00014.jpg
0_10015_1577671998.6601334.jpg,00004_00022.jpg,00009_00015.jpg,00009_00015.jpg,00009_00015.jpg,00009_00015.jpg
0_10016_1577671998.6611307.jpg,00004_00023 - Copie.jpg,00009_00016.jpg,00009_00016.jpg,00009_00016.jpg,00009_00016.jpg
0_10017_1577671998.6611307.jpg,00004_00023.jpg,00009_00017.jpg,00009_00017.jpg,00009_00017.jpg,00009_00017.jpg
0_10018_1577671998.6621292.jpg,00004_00024 - Copie.jpg,00009_00018.jpg,00009_00018.jpg,00009_00018.jpg,00009_00018.jpg
0_10019_1577671998.6631255.jpg,00004_00024.jpg,00009_00019.jpg,00009_00019.jpg,00009_00019.jpg,00009_00019.jpg
0_10020_1577671998.6641226.jpg,00004_00025 - Copie.jpg,00009_00020.jpg,00009_00020.jpg,00009_00020.jpg,00009_00020.jpg
0_10021_1577671998.6641226.jpg,00004_00025.jpg,00009_00021.jpg,00009_00021.jpg,00009_00021.jpg,00009_00021.jpg
0_10022_1577671998.66512.jpg,00004_00026 - Copie.jpg,00009_00022.jpg,00009_00022.jpg,00009_00022.jpg,00009_00022.jpg
0_10023_1577671998.66512.jpg,00004_00026.jpg,00009_00023.jpg,00009_00023.jpg,00009_00023.jpg,00009_00023.jpg
0_10024_1577671998.6661177.jpg,00004_00027 - Copie.jpg,00009_00024.jpg,00009_00024.jpg,00009_00024.jpg,00009_00024.jpg
0_10025_1577671998.6671147.jpg,00004_00027.jpg,00009_00025.jpg,00009_00025.jpg,00009_00025.jpg,00009_00025.jpg
0_10026_1577671998.6671147.jpg,00004_00028 - Copie.jpg,00009_00026.jpg,00009_00026.jpg,00009_00026.jpg,00009_00026.jpg
0_10027_1577671998.6681118.jpg,00004_00028.jpg,00009_00027.jpg,00009_00027.jpg,00009_00027.jpg,00009_00027.jpg
0_10028_1577671998.6691096.jpg,00004_00029 - Copie.jpg,00009_00028.jpg,00009_00028.jpg,00009_00028.jpg,00009_00028.jpg
0_10029_1577671998.67011.jpg,00004_00029.jpg,00009_00029.jpg,00009_00029.jpg,00009_00029.jpg,00009_00029.jpg
0_10030_1577671998.67011.jpg,00005_00000 - Copie.jpg,00010_00000.jpg,00010_00000.jpg,00010_00000.jpg,00010_00000.jpg
0_10031_1577671998.6711066.jpg,00005_00000.jpg,00010_00001.jpg,00010_00001.jpg,00010_00001.jpg,00010_00001.jpg
0_10032_1577671998.6721332.jpg,00005_00001 - Copie.jpg,00010_00002.jpg,00010_00002.jpg,00010_00002.jpg,00010_00002.jpg
0_10033_1577671998.6721332.jpg,00005_00001.jpg,00010_00003.jpg,00010_00003.jpg,00010_00003.jpg,00010_00003.jpg
0_10034_1577671998.6730998.jpg,00005_00002 - Copie.jpg,00010_00004.jpg,00010_00004.jpg,00010_00004.jpg,00010_00004.jpg
0_10035_1577671998.6740978.jpg,00005_00002.jpg,00010_00005.jpg,00010_00005.jpg,00010_00005.jpg,00010_00005.jpg
0_10036_1577671998.6740978.jpg,00005_00003 - Copie.jpg,00010_00006.jpg,00010_00006.jpg,00010_00006.jpg,00010_00006.jpg
0_10037_1577671998.6750946.jpg,00005_00003.jpg,00010_00007.jpg,00010_00007.jpg,00010_00007.jpg,00010_00007.jpg
0_10038_1577671998.6760936.jpg,00005_00004 - Copie.jpg,00010_00008.jpg,00010_00008.jpg,00010_00008.jpg,00010_00008.jpg
0_10039_1577671998.6760936.jpg,00005_00004.jpg,00010_00009.jpg,00010_00009.jpg,00010_00009.jpg,00010_00009.jpg
0_10040_1577671998.6770883.jpg,00005_00005 - Copie.jpg,00010_00010.jpg,00010_00010.jpg,00010_00010.jpg,00010_00010.jpg
0_10041_1577671998.6780863.jpg,00005_00005.jpg,00010_00011.jpg,00010_00011.jpg,00010_00011.jpg,00010_00011.jpg
0_10042_1577671998.6790838.jpg,00005_00006 - Copie.jpg,00010_00012.jpg,00010_00012.jpg,00010_00012.jpg,00010_00012.jpg
0_10043_1577671998.6790838.jpg,00005_00006.jpg,00010_00013.jpg,00010_00013.jpg,00010_00013.jpg,00010_00013.jpg
0_10044_1577671998.6800802.jpg,00005_00007 - Copie.jpg,00010_00014.jpg,00010_00014.jpg,00010_00014.jpg,00010_00014.jpg
0_10045_1577671998.6810915.jpg,00005_00007.jpg,00010_00015.jpg,00010_00015.jpg,00010_00015.jpg,00010_00015.jpg
0_10046_1577671998.682076.jpg,00005_00008 - Copie.jpg,00010_00016.jpg,00010_00016.jpg,00010_00016.jpg,00010_00016.jpg
0_10047_1577671998.6830733.jpg,00005_00008.jpg,00010_00017.jpg,00010_00017.jpg,00010_00017.jpg,00010_00017.jpg
0_10048_1577671998.6830733.jpg,00005_00009 - Copie.jpg,00010_00018.jpg,00010_00018.jpg,00010_00018.jpg,00010_00018.jpg
0_10049_1577671998.684074.jpg,00005_00009.jpg,00010_00019.jpg,00010_00019.jpg,00010_00019.jpg,00010_00019.jpg
0_10050_1577671998.6850698.jpg,00005_00010 - Copie.jpg,00010_00020.jpg,00010_00020.jpg,00010_00020.jpg,00010_00020.jpg
0_10051_1577671998.6860704.jpg,00005_00010.jpg,00010_00021.jpg,00010_00021.jpg,00010_00021.jpg,00010_00021.jpg
0_10052_1577671998.6870646.jpg,00005_00011 - Copie.jpg,00010_00022.jpg,00010_00022.jpg,00010_00022.jpg,00010_00022.jpg
0_10053_1577671998.6880612.jpg,00005_00011.jpg,00010_00023.jpg,00010_00023.jpg,00010_00023.jpg,00010_00023.jpg
0_10054_1577671998.6890578.jpg,00005_00012 - Copie.jpg,00010_00024.jpg,00010_00024.jpg,00010_00024.jpg,00010_00024.jpg
0_10055_1577671998.6900551.jpg,00005_00012.jpg,00010_00025.jpg,00010_00025.jpg,00010_00025.jpg,00010_00025.jpg
0_10056_1577671998.6900551.jpg,00005_00013 - Copie.jpg,00010_00026.jpg,00010_00026.jpg,00010_00026.jpg,00010_00026.jpg
0_10057_1577671998.691052.jpg,00005_00013.jpg,00010_00027.jpg,00010_00027.jpg,00010_00027.jpg,00010_00027.jpg
0_10058_1577671998.69205.jpg,00005_00014 - Copie.jpg,00010_00028.jpg,00010_00028.jpg,00010_00028.jpg,00010_00028.jpg
0_10059_1577671998.69205.jpg,00005_00014.jpg,00010_00029.jpg,00010_00029.jpg,00010_00029.jpg,00010_00029.jpg
0_10060_1577671998.6930456.jpg,00005_00015 - Copie.jpg,00011_00000.jpg,00011_00000.jpg,00011_00000.jpg,00011_00000.jpg
0_10061_1577671998.694044.jpg,00005_00015.jpg,00011_00001.jpg,00011_00001.jpg,00011_00001.jpg,00011_00001.jpg
0_10062_1577671998.6950414.jpg,00005_00016 - Copie.jpg,00011_00002.jpg,00011_00002.jpg,00011_00002.jpg,00011_00002.jpg
0_10063_1577671998.6950414.jpg,00005_00016.jpg,00011_00003.jpg,00011_00003.jpg,00011_00003.jpg,00011_00003.jpg
0_10064_1577671998.6960478.jpg,00005_00017 - Copie.jpg,00011_00004.jpg,00011_00004.jpg,00011_00004.jpg,00011_00004.jpg
0_10065_1577671998.6970472.jpg,00005_00017.jpg,00011_00005.jpg,00011_00005.jpg,00011_00005.jpg,00011_00005.jpg
0_10066_1577671998.6980336.jpg,00005_00018 - Copie.jpg,00011_00006.jpg,00011_00006.jpg,00011_00006.jpg,00011_00006.jpg
0_10067_1577671998.6980336.jpg,00005_00018.jpg,00011_00007.jpg,00011_00007.jpg,00011_00007.jpg,00011_00007.jpg
0_10068_1577671998.6990306.jpg,00005_00019 - Copie.jpg,00011_00008.jpg,00011_00008.jpg,00011_00008.jpg,00011_00008.jpg
0_10069_1577671998.700028.jpg,00005_00019.jpg,00011_00009.jpg,00011_00009.jpg,00011_00009.jpg,00011_00009.jpg
0_10070_1577671998.7010396.jpg,00005_00020 - Copie.jpg,00011_00010.jpg,00011_00010.jpg,00011_00010.jpg,00011_00010.jpg
0_10071_1577671998.7010396.jpg,00005_00020.jpg,00011_00011.jpg,00011_00011.jpg,00011_00011.jpg,00011_00011.jpg
0_10072_1577671998.7020245.jpg,00005_00021 - Copie.jpg,00011_00012.jpg,00011_00012.jpg,00011_00012.jpg,00011_00012.jpg
0_10073_1577671998.704017.jpg,00005_00021.jpg,00011_00013.jpg,00011_00013.jpg,00011_00013.jpg,00011_00013.jpg
0_10074_1577671998.7050138.jpg,00005_00022 - Copie.jpg,00011_00014.jpg,00011_00014.jpg,00011_00014.jpg,00011_00014.jpg
0_10075_1577671998.7050138.jpg,00005_00022.jpg,00011_00015.jpg,00011_00015.jpg,00011_00015.jpg,00011_00015.jpg
0_10076_1577671998.7060113.jpg,00005_00023 - Copie.jpg,00011_00016.jpg,00011_00016.jpg,00011_00016.jpg,00011_00016.jpg
0_10077_1577671998.707008.jpg,00005_00023.jpg,00011_00017.jpg,00011_00017.jpg,00011_00017.jpg,00011_00017.jpg
0_10078_1577671998.7080061.jpg,00005_00024 - Copie.jpg,00011_00018.jpg,00011_00018.jpg,00011_00018.jpg,00011_00018.jpg
0_10079_1577671998.7090046.jpg,00005_00024.jpg,00011_00019.jpg,00011_00019.jpg,00011_00019.jpg,00011_00019.jpg
0_10080_1577671998.7090046.jpg,00005_00025 - Copie.jpg,00011_00020.jpg,00011_00020.jpg,00011_00020.jpg,00011_00020.jpg
0_10081_1577671998.7100003.jpg,00005_00025.jpg,00011_00021.jpg,00011_00021.jpg,00011_00021.jpg,00011_00021.jpg
0_10082_1577671998.7109976.jpg,00005_00026 - Copie.jpg,00011_00022.jpg,00011_00022.jpg,00011_00022.jpg,00011_00022.jpg
0_10083_1577671998.711997.jpg,00005_00026.jpg,00011_00023.jpg,00011_00023.jpg,00011_00023.jpg,00011_00023.jpg
0_10084_1577671998.7129922.jpg,00005_00027 - Copie.jpg,00011_00024.jpg,00011_00024.jpg,00011_00024.jpg,00011_00024.jpg
0_10085_1577671998.7139902.jpg,00005_00027.jpg,00011_00025.jpg,00011_00025.jpg,00011_00025.jpg,00011_00025.jpg
0_10086_1577671998.7149887.jpg,00005_00028 - Copie.jpg,00011_00026.jpg,00011_00026.jpg,00011_00026.jpg,00011_00026.jpg
0_10087_1577671998.7159863.jpg,00005_00028.jpg,00011_00027.jpg,00011_00027.jpg,00011_00027.jpg,00011_00027.jpg
0_10088_1577671998.7159863.jpg,00005_00029 - Copie.jpg,00011_00028.jpg,00011_00028.jpg,00011_00028.jpg,00011_00028.jpg
0_10089_1577671998.7179794.jpg,00005_00029.jpg,00011_00029.jpg,00011_00029.jpg,00011_00029.jpg,00011_00029.jpg
0_10090_1577671998.7199738.jpg,00006_00000 - Copie.jpg,00012_00000.jpg,00012_00000.jpg,00012_00000.jpg,00012_00000.jpg
0_10091_1577671998.7209716.jpg,00006_00000.jpg,00012_00001.jpg,00012_00001.jpg,00012_00001.jpg,00012_00001.jpg
0_10092_1577671998.7219687.jpg,00006_00001 - Copie.jpg,00012_00002.jpg,00012_00002.jpg,00012_00002.jpg,00012_00002.jpg
0_10093_1577671998.722966.jpg,00006_00001.jpg,00012_00003.jpg,00012_00003.jpg,00012_00003.jpg,00012_00003.jpg
0_10094_1577671998.7239628.jpg,00006_00002 - Copie.jpg,00012_00004.jpg,00012_00004.jpg,00012_00004.jpg,00012_00004.jpg
0_10095_1577671998.724961.jpg,00006_00002.jpg,00012_00005.jpg,00012_00005.jpg,00012_00005.jpg,00012_00005.jpg
0_10096_1577671998.7259579.jpg,00006_00003 - Copie.jpg,00012_00006.jpg,00012_00006.jpg,00012_00006.jpg,00012_00006.jpg
0_10097_1577671998.726968.jpg,00006_00003.jpg,00012_00007.jpg,00012_00007.jpg,00012_00007.jpg,00012_00007.jpg
0_10098_1577671998.7279527.jpg,00006_00004 - Copie.jpg,00012_00008.jpg,00012_00008.jpg,00012_00008.jpg,00012_00008.jpg
0_10099_1577671998.72895.jpg,00006_00004.jpg,00012_00009.jpg,00012_00009.jpg,00012_00009.jpg,00012_00009.jpg
0_10100_1577671998.7309444.jpg,00006_00005 - Copie.jpg,00012_00010.jpg,00012_00010.jpg,00012_00010.jpg,00012_00010.jpg
0_10101_1577671998.7319417.jpg,00006_00005.jpg,00012_00011.jpg,00012_00011.jpg,00012_00011.jpg,00012_00011.jpg
0_10102_1577671998.7319417.jpg,00006_00006 - Copie.jpg,00012_00012.jpg,00012_00012.jpg,00012_00012.jpg,00012_00012.jpg
0_10103_1577671998.732942.jpg,00006_00006.jpg,00012_00013.jpg,00012_00013.jpg,00012_00013.jpg,00012_00013.jpg
0_10104_1577671998.7349348.jpg,00006_00007 - Copie.jpg,00012_00014.jpg,00012_00014.jpg,00012_00014.jpg,00012_00014.jpg
0_10105_1577671998.7349348.jpg,00006_00007.jpg,00012_00015.jpg,00012_00015.jpg,00012_00015.jpg,00012_00015.jpg
0_10106_1577671998.7359316.jpg,00006_00008 - Copie.jpg,00012_00016.jpg,00012_00016.jpg,00012_00016.jpg,00012_00016.jpg
0_10107_1577671998.737929.jpg,00006_00008.jpg,00012_00017.jpg,00012_00017.jpg,00012_00017.jpg,00012_00017.jpg
0_10108_1577671998.7389255.jpg,00006_00009 - Copie.jpg,00012_00018.jpg,00012_00018.jpg,00012_00018.jpg,00012_00018.jpg
0_10109_1577671998.7389255.jpg,00006_00009.jpg,00012_00019.jpg,00012_00019.jpg,00012_00019.jpg,00012_00019.jpg
0_10110_1577671998.7399228.jpg,00006_00010 - Copie.jpg,00012_00020.jpg,00012_00020.jpg,00012_00020.jpg,00012_00020.jpg
0_10111_1577671998.74092.jpg,00006_00010.jpg,00012_00021.jpg,00012_00021.jpg,00012_00021.jpg,00012_00021.jpg
0_10112_1577671998.7419224.jpg,00006_00011 - Copie.jpg,00012_00022.jpg,00012_00022.jpg,00012_00022.jpg,00012_00022.jpg
0_10113_1577671998.7429132.jpg,00006_00011.jpg,00012_00023.jpg,00012_00023.jpg,00012_00023.jpg,00012_00023.jpg
0_10114_1577671998.7439117.jpg,00006_00012 - Copie.jpg,00012_00024.jpg,00012_00024.jpg,00012_00024.jpg,00012_00024.jpg
0_10115_1577671998.744909.jpg,00006_00012.jpg,00012_00025.jpg,00012_00025.jpg,00012_00025.jpg,00012_00025.jpg
0_10116_1577671998.744909.jpg,00006_00013 - Copie.jpg,00012_00026.jpg,00012_00026.jpg,00012_00026.jpg,00012_00026.jpg
0_10117_1577671998.745906.jpg,00006_00013.jpg,00012_00027.jpg,00012_00027.jpg,00012_00027.jpg,00012_00027.jpg
0_10118_1577671998.746904.jpg,00006_00014 - Copie.jpg,00012_00028.jpg,00012_00028.jpg,00012_00028.jpg,00012_00028.jpg
0_10119_1577671998.746904.jpg,00006_00014.jpg,00012_00029.jpg,00012_00029.jpg,00012_00029.jpg,00012_00029.jpg
0_10120_1577671998.7479012.jpg,00006_00015 - Copie.jpg,00013_00000.jpg,00013_00000.jpg,00013_00000.jpg,00013_00000.jpg
0_10121_1577671998.748898.jpg,00006_00015.jpg,00013_00001.jpg,00013_00001.jpg,00013_00001.jpg,00013_00001.jpg
0_10122_1577671998.7499025.jpg,00006_00016 - Copie.jpg,00013_00002.jpg,00013_00002.jpg,00013_00002.jpg,00013_00002.jpg
0_10123_1577671998.750893.jpg,00006_00016.jpg,00013_00003.jpg,00013_00003.jpg,00013_00003.jpg,00013_00003.jpg
0_10124_1577671998.7518904.jpg,00006_00017 - Copie.jpg,00013_00004.jpg,00013_00004.jpg,00013_00004.jpg,00013_00004.jpg
0_10125_1577671998.7529.jpg,00006_00017.jpg,00013_00005.jpg,00013_00005.jpg,00013_00005.jpg,00013_00005.jpg
0_10126_1577671998.7538846.jpg,00006_00018 - Copie.jpg,00013_00006.jpg,00013_00006.jpg,00013_00006.jpg,00013_00006.jpg
0_10127_1577671998.754882.jpg,00006_00018.jpg,00013_00007.jpg,00013_00007.jpg,00013_00007.jpg,00013_00007.jpg
0_10128_1577671998.755878.jpg,00006_00019 - Copie.jpg,00013_00008.jpg,00013_00008.jpg,00013_00008.jpg,00013_00008.jpg
0_10129_1577671998.756876.jpg,00006_00019.jpg,00013_00009.jpg,00013_00009.jpg,00013_00009.jpg,00013_00009.jpg
0_10130_1577671998.7578733.jpg,00006_00020 - Copie.jpg,00013_00010.jpg,00013_00010.jpg,00013_00010.jpg,00013_00010.jpg
0_10131_1577671998.7588706.jpg,00006_00020.jpg,00013_00011.jpg,00013_00011.jpg,00013_00011.jpg,00013_00011.jpg
0_10132_1577671998.7598677.jpg,00006_00021 - Copie.jpg,00013_00012.jpg,00013_00012.jpg,00013_00012.jpg,00013_00012.jpg
0_10133_1577671998.7608645.jpg,00006_00021.jpg,00013_00013.jpg,00013_00013.jpg,00013_00013.jpg,00013_00013.jpg
0_10134_1577671998.7618625.jpg,00006_00022 - Copie.jpg,00013_00014.jpg,00013_00014.jpg,00013_00014.jpg,00013_00014.jpg
0_10135_1577671998.7628632.jpg,00006_00022.jpg,00013_00015.jpg,00013_00015.jpg,00013_00015.jpg,00013_00015.jpg
0_10136_1577671998.7638564.jpg,00006_00023 - Copie.jpg,00013_00016.jpg,00013_00016.jpg,00013_00016.jpg,00013_00016.jpg
0_10137_1577671998.7648547.jpg,00006_00023.jpg,00013_00017.jpg,00013_00017.jpg,00013_00017.jpg,00013_00017.jpg
0_10138_1577671998.7658515.jpg,00006_00024 - Copie.jpg,00013_00018.jpg,00013_00018.jpg,00013_00018.jpg,00013_00018.jpg
0_10139_1577671998.7668488.jpg,00006_00024.jpg,00013_00019.jpg,00013_00019.jpg,00013_00019.jpg,00013_00019.jpg
0_10140_1577671998.jpg,00006_00025 - Copie.jpg,00013_00020.jpg,00013_00020.jpg,00013_00020.jpg,00013_00020.jpg
0_9960_1577671998.6182477.jpg,00006_00025.jpg,00013_00021.jpg,00013_00021.jpg,00013_00021.jpg,00013_00021.jpg
0_9961_1577671998.6192439.jpg,00006_00026 - Copie.jpg,00013_00022.jpg,00013_00022.jpg,00013_00022.jpg,00013_00022.jpg
0_9962_1577671998.6202426.jpg,00006_00026.jpg,00013_00023.jpg,00013_00023.jpg,00013_00023.jpg,00013_00023.jpg
0_9963_1577671998.6212404.jpg,00006_00027 - Copie.jpg,00013_00024.jpg,00013_00024.jpg,00013_00024.jpg,00013_00024.jpg
0_9964_1577671998.6222363.jpg,00006_00027.jpg,00013_00025.jpg,00013_00025.jpg,00013_00025.jpg,00013_00025.jpg
0_9965_1577671998.6232333.jpg,00006_00028 - Copie.jpg,00013_00026.jpg,00013_00026.jpg,00013_00026.jpg,00013_00026.jpg
0_9966_1577671998.6242306.jpg,00006_00028.jpg,00013_00027.jpg,00013_00027.jpg,00013_00027.jpg,00013_00027.jpg
0_9967_1577671998.6252277.jpg,00006_00029 - Copie.jpg,00013_00028.jpg,00013_00028.jpg,00013_00028.jpg,00013_00028.jpg
0_9968_1577671998.6262257.jpg,00006_00029.jpg,00013_00029.jpg,00013_00029.jpg,00013_00029.jpg,00013_00029.jpg
0_9969_1577671998.6262257.jpg,00007_00000 - Copie.jpg,00014_00000.jpg,00014_00000.jpg,00014_00000.jpg,00014_00000.jpg
0_9970_1577671998.6272216.jpg,00007_00000.jpg,00014_00001.jpg,00014_00001.jpg,00014_00001.jpg,00014_00001.jpg
0_9971_1577671998.6282191.jpg,00007_00001 - Copie.jpg,00014_00002.jpg,00014_00002.jpg,00014_00002.jpg,00014_00002.jpg
0_9972_1577671998.6292186.jpg,00007_00001.jpg,00014_00003.jpg,00014_00003.jpg,00014_00003.jpg,00014_00003.jpg
0_9973_1577671998.6302147.jpg,00007_00002 - Copie.jpg,00014_00004.jpg,00014_00004.jpg,00014_00004.jpg,00014_00004.jpg
0_9974_1577671998.6302147.jpg,00007_00002.jpg,00014_00005.jpg,00014_00005.jpg,00014_00005.jpg,00014_00005.jpg
0_9975_1577671998.631212.jpg,00007_00003 - Copie.jpg,00014_00006.jpg,00014_00006.jpg,00014_00006.jpg,00014_00006.jpg
0_9976_1577671998.63221.jpg,00007_00003.jpg,00014_00007.jpg,00014_00007.jpg,00014_00007.jpg,00014_00007.jpg
0_9977_1577671998.633207.jpg,00007_00004 - Copie.jpg,00014_00008.jpg,00014_00008.jpg,00014_00008.jpg,00014_00008.jpg
0_9978_1577671998.6342049.jpg,00007_00004.jpg,00014_00009.jpg,00014_00009.jpg,00014_00009.jpg,00014_00009.jpg
0_9979_1577671998.6342049.jpg,00007_00005 - Copie.jpg,00014_00010.jpg,00014_00010.jpg,00014_00010.jpg,00014_00010.jpg
0_9980_1577671998.635208.jpg,00007_00005.jpg,00014_00011.jpg,00014_00011.jpg,00014_00011.jpg,00014_00011.jpg
0_9981_1577671998.6361995.jpg,00007_00006 - Copie.jpg,00014_00012.jpg,00014_00012.jpg,00014_00012.jpg,00014_00012.jpg
0_9982_1577671998.6371973.jpg,00007_00006.jpg,00014_00013.jpg,00014_00013.jpg,00014_00013.jpg,00014_00013.jpg
0_9983_1577671998.6381943.jpg,00007_00007 - Copie.jpg,00014_00014.jpg,00014_00014.jpg,00014_00014.jpg,00014_00014.jpg
0_9984_1577671998.6391895.jpg,00007_00007.jpg,00014_00015.jpg,00014_00015.jpg,00014_00015.jpg,00014_00015.jpg
0_9985_1577671998.6401868.jpg,00007_00008 - Copie.jpg,00014_00016.jpg,00014_00016.jpg,00014_00016.jpg,00014_00016.jpg
0_9986_1577671998.6401868.jpg,00007_00008.jpg,00014_00017.jpg,00014_00017.jpg,00014_00017.jpg,00014_00017.jpg
0_9987_1577671998.641184.jpg,00007_00009 - Copie.jpg,00014_00018.jpg,00014_00018.jpg,00014_00018.jpg,00014_00018.jpg
0_9988_1577671998.6421814.jpg,00007_00009.jpg,00014_00019.jpg,00014_00019.jpg,00014_00019.jpg,00014_00019.jpg
0_9989_1577671998.6431787.jpg,00007_00010 - Copie.jpg,00014_00020.jpg,00014_00020.jpg,00014_00020.jpg,00014_00020.jpg
0_9990_1577671998.6431787.jpg,00007_00010.jpg,00014_00021.jpg,00014_00021.jpg,00014_00021.jpg,00014_00021.jpg
0_9991_1577671998.6441758.jpg,00007_00011 - Copie.jpg,00014_00022.jpg,00014_00022.jpg,00014_00022.jpg,00014_00022.jpg
0_9992_1577671998.6441758.jpg,00007_00011.jpg,00014_00023.jpg,00014_00023.jpg,00014_00023.jpg,00014_00023.jpg
0_9993_1577671998.6451735.jpg,00007_00012 - Copie.jpg,00014_00024.jpg,00014_00024.jpg,00014_00024.jpg,00014_00024.jpg
0_9994_1577671998.6461706.jpg,00007_00012.jpg,00014_00025.jpg,00014_00025.jpg,00014_00025.jpg,00014_00025.jpg
0_9995_1577671998.6461706.jpg,00007_00013 - Copie.jpg,00014_00026.jpg,00014_00026.jpg,00014_00026.jpg,00014_00026.jpg
0_9996_1577671998.6471682.jpg,00007_00013.jpg,00014_00027.jpg,00014_00027.jpg,00014_00027.jpg,00014_00027.jpg
0_9997_1577671998.6471682.jpg,00007_00014 - Copie.jpg,00014_00028.jpg,00014_00028.jpg,00014_00028.jpg,00014_00028.jpg
0_9998_1577671998.6481655.jpg,00007_00014.jpg,00014_00029.jpg,00014_00029.jpg,00014_00029.jpg,00014_00029.jpg
