Stop,Pedestrians
00000_00000.jpg,00000_00000.jpg
00000_00001.jpg,00000_00001.jpg
00000_00002.jpg,00000_00002.jpg
00000_00003.jpg,00000_00003.jpg
00000_00004.jpg,00000_00004.jpg
00000_00005.jpg,00000_00005.jpg
00000_00006.jpg,00000_00006.jpg
00000_00007.jpg,00000_00007.jpg
00000_00008.jpg,00000_00008.jpg
00000_00009.jpg,00000_00009.jpg
00000_00010.jpg,00000_00010.jpg
00000_00011.jpg,00000_00011.jpg
00000_00012.jpg,00000_00012.jpg
00000_00013.jpg,00000_00013.jpg
00000_00014.jpg,00000_00014.jpg
00000_00015.jpg,00000_00015.jpg
00000_00016.jpg,00000_00016.jpg
00000_00017.jpg,00000_00017.jpg
00000_00018.jpg,00000_00018.jpg
00000_00019.jpg,00000_00019.jpg
00000_00020.jpg,00000_00020.jpg
00000_00021.jpg,00000_00021.jpg
00000_00022.jpg,00000_00022.jpg
00000_00023.jpg,00000_00023.jpg
00000_00024.jpg,00000_00024.jpg
00000_00025.jpg,00000_00025.jpg
00000_00026.jpg,00000_00026.jpg
00000_00027.jpg,00000_00027.jpg
00000_00028.jpg,00000_00028.jpg
00000_00029.jpg,00000_00029.jpg
00001_00000.jpg,00001_00000.jpg
00001_00001.jpg,00001_00001.jpg
00001_00002.jpg,00001_00002.jpg
00001_00003.jpg,00001_00003.jpg
00001_00004.jpg,00001_00004.jpg
00001_00005.jpg,00001_00005.jpg
00001_00006.jpg,00001_00006.jpg
00001_00007.jpg,00001_00007.jpg
00001_00008.jpg,00001_00008.jpg
00001_00009.jpg,00001_00009.jpg
00001_00010.jpg,00001_00010.jpg
00001_00011.jpg,00001_00011.jpg
00001_00012.jpg,00001_00012.jpg
00001_00013.jpg,00001_00013.jpg
00001_00014.jpg,00001_00014.jpg
00001_00015.jpg,00001_00015.jpg
00001_00016.jpg,00001_00016.jpg
00001_00017.jpg,00001_00017.jpg
00001_00018.jpg,00001_00018.jpg
00001_00019.jpg,00001_00019.jpg
00001_00020.jpg,00001_00020.jpg
00001_00021.jpg,00001_00021.jpg
00001_00022.jpg,00001_00022.jpg
00001_00023.jpg,00001_00023.jpg
00001_00024.jpg,00001_00024.jpg
00001_00025.jpg,00001_00025.jpg
00001_00026.jpg,00001_00026.jpg
00001_00027.jpg,00001_00027.jpg
00001_00028.jpg,00001_00028.jpg
00001_00029.jpg,00001_00029.jpg
00002_00000.jpg,00002_00000.jpg
00002_00001.jpg,00002_00001.jpg
00002_00002.jpg,00002_00002.jpg
00002_00003.jpg,00002_00003.jpg
00002_00004.jpg,00002_00004.jpg
00002_00005.jpg,00002_00005.jpg
00002_00006.jpg,00002_00006.jpg
00002_00007.jpg,00002_00007.jpg
00002_00008.jpg,00002_00008.jpg
00002_00009.jpg,00002_00009.jpg
00002_00010.jpg,00002_00010.jpg
00002_00011.jpg,00002_00011.jpg
00002_00012.jpg,00002_00012.jpg
00002_00013.jpg,00002_00013.jpg
00002_00014.jpg,00002_00014.jpg
00002_00015.jpg,00002_00015.jpg
00002_00016.jpg,00002_00016.jpg
00002_00017.jpg,00002_00017.jpg
00002_00018.jpg,00002_00018.jpg
00002_00019.jpg,00002_00019.jpg
00002_00020.jpg,00002_00020.jpg
00002_00021.jpg,00002_00021.jpg
00002_00022.jpg,00002_00022.jpg
00002_00023.jpg,00002_00023.jpg
00002_00024.jpg,00002_00024.jpg
00002_00025.jpg,00002_00025.jpg
00002_00026.jpg,00002_00026.jpg
00002_00027.jpg,00002_00027.jpg
00002_00028.jpg,00002_00028.jpg
00002_00029.jpg,00002_00029.jpg
00003_00000.jpg,00003_00000.jpg
00003_00001.jpg,00003_00001.jpg
00003_00002.jpg,00003_00002.jpg
00003_00003.jpg,00003_00003.jpg
00003_00004.jpg,00003_00004.jpg
00003_00005.jpg,00003_00005.jpg
00003_00006.jpg,00003_00006.jpg
00003_00007.jpg,00003_00007.jpg
00003_00008.jpg,00003_00008.jpg
00003_00009.jpg,00003_00009.jpg
00003_00010.jpg,00003_00010.jpg
00003_00011.jpg,00003_00011.jpg
00003_00012.jpg,00003_00012.jpg
00003_00013.jpg,00003_00013.jpg
00003_00014.jpg,00003_00014.jpg
00003_00015.jpg,00003_00015.jpg
00003_00016.jpg,00003_00016.jpg
00003_00017.jpg,00003_00017.jpg
00003_00018.jpg,00003_00018.jpg
00003_00019.jpg,00003_00019.jpg
00003_00020.jpg,00003_00020.jpg
00003_00021.jpg,00003_00021.jpg
00003_00022.jpg,00003_00022.jpg
00003_00023.jpg,00003_00023.jpg
00003_00024.jpg,00003_00024.jpg
00003_00025.jpg,00003_00025.jpg
00003_00026.jpg,00003_00026.jpg
00003_00027.jpg,00003_00027.jpg
00003_00028.jpg,00003_00028.jpg
00003_00029.jpg,00003_00029.jpg
00004_00000.jpg,00004_00000.jpg
00004_00001.jpg,00004_00001.jpg
00004_00002.jpg,00004_00002.jpg
00004_00003.jpg,00004_00003.jpg
00004_00004.jpg,00004_00004.jpg
00004_00005.jpg,00004_00005.jpg
00004_00006.jpg,00004_00006.jpg
00004_00007.jpg,00004_00007.jpg
00004_00008.jpg,00004_00008.jpg
00004_00009.jpg,00004_00009.jpg
00004_00010.jpg,00004_00010.jpg
00004_00011.jpg,00004_00011.jpg
00004_00012.jpg,00004_00012.jpg
00004_00013.jpg,00004_00013.jpg
00004_00014.jpg,00004_00014.jpg
00004_00015.jpg,00004_00015.jpg
00004_00016.jpg,00004_00016.jpg
00004_00017.jpg,00004_00017.jpg
00004_00018.jpg,00004_00018.jpg
00004_00019.jpg,00004_00019.jpg
00004_00020.jpg,00004_00020.jpg
00004_00021.jpg,00004_00021.jpg
00004_00022.jpg,00004_00022.jpg
00004_00023.jpg,00004_00023.jpg
00004_00024.jpg,00004_00024.jpg
00004_00025.jpg,00004_00025.jpg
00004_00026.jpg,00004_00026.jpg
00004_00027.jpg,00004_00027.jpg
00004_00028.jpg,00004_00028.jpg
00004_00029.jpg,00004_00029.jpg
00005_00000.jpg,00005_00000.jpg
00005_00001.jpg,00005_00001.jpg
00005_00002.jpg,00005_00002.jpg
00005_00003.jpg,00005_00003.jpg
00005_00004.jpg,00005_00004.jpg
00005_00005.jpg,00005_00005.jpg
00005_00006.jpg,00005_00006.jpg
00005_00007.jpg,00005_00007.jpg
00005_00008.jpg,00005_00008.jpg
00005_00009.jpg,00005_00009.jpg
00005_00010.jpg,00005_00010.jpg
00005_00011.jpg,00005_00011.jpg
00005_00012.jpg,00005_00012.jpg
00005_00013.jpg,00005_00013.jpg
00005_00014.jpg,00005_00014.jpg
00005_00015.jpg,00005_00015.jpg
00005_00016.jpg,00005_00016.jpg
00005_00017.jpg,00005_00017.jpg
00005_00018.jpg,00005_00018.jpg
00005_00019.jpg,00005_00019.jpg
00005_00020.jpg,00005_00020.jpg
00005_00021.jpg,00005_00021.jpg
00005_00022.jpg,00005_00022.jpg
00005_00023.jpg,00005_00023.jpg
00005_00024.jpg,00005_00024.jpg
00005_00025.jpg,00005_00025.jpg
00005_00026.jpg,00005_00026.jpg
00005_00027.jpg,00005_00027.jpg
00005_00028.jpg,00005_00028.jpg
00005_00029.jpg,00005_00029.jpg
00006_00000.jpg,00006_00000.jpg
00006_00001.jpg,00006_00001.jpg
00006_00002.jpg,00006_00002.jpg
00006_00003.jpg,00006_00003.jpg
00006_00004.jpg,00006_00004.jpg
00006_00005.jpg,00006_00005.jpg
00006_00006.jpg,00006_00006.jpg
00006_00007.jpg,00006_00007.jpg
00006_00008.jpg,00006_00008.jpg
00006_00009.jpg,00006_00009.jpg
00006_00010.jpg,00006_00010.jpg
00006_00011.jpg,00006_00011.jpg
00006_00012.jpg,00006_00012.jpg
00006_00013.jpg,00006_00013.jpg
00006_00014.jpg,00006_00014.jpg
00006_00015.jpg,00006_00015.jpg
00006_00016.jpg,00006_00016.jpg
00006_00017.jpg,00006_00017.jpg
00006_00018.jpg,00006_00018.jpg
00006_00019.jpg,00006_00019.jpg
00006_00020.jpg,00006_00020.jpg
00006_00021.jpg,00006_00021.jpg
00006_00022.jpg,00006_00022.jpg
00006_00023.jpg,00006_00023.jpg
00006_00024.jpg,00006_00024.jpg
00006_00025.jpg,00006_00025.jpg
00006_00026.jpg,00006_00026.jpg
00006_00027.jpg,00006_00027.jpg
00006_00028.jpg,00006_00028.jpg
00006_00029.jpg,00006_00029.jpg
00007_00000.jpg,00007_00000.jpg
00007_00001.jpg,00007_00001.jpg
00007_00002.jpg,00007_00002.jpg
00007_00003.jpg,00007_00003.jpg
00007_00004.jpg,00007_00004.jpg
00007_00005.jpg,00007_00005.jpg
00007_00006.jpg,00007_00006.jpg
00007_00007.jpg,00007_00007.jpg
00007_00008.jpg,00007_00008.jpg
00007_00009.jpg,00007_00009.jpg
00007_00010.jpg,00007_00010.jpg
00007_00011.jpg,00007_00011.jpg
00007_00012.jpg,00007_00012.jpg
00007_00013.jpg,00007_00013.jpg
00007_00014.jpg,00007_00014.jpg
00007_00015.jpg,00007_00015.jpg
00007_00016.jpg,00007_00016.jpg
00007_00017.jpg,00007_00017.jpg
00007_00018.jpg,00007_00018.jpg
00007_00019.jpg,00007_00019.jpg
00007_00020.jpg,00007_00020.jpg
00007_00021.jpg,00007_00021.jpg
00007_00022.jpg,00007_00022.jpg
00007_00023.jpg,00007_00023.jpg
00007_00024.jpg,00007_00024.jpg
00007_00025.jpg,00007_00025.jpg
00007_00026.jpg,00007_00026.jpg
00007_00027.jpg,00007_00027.jpg
00007_00028.jpg,00007_00028.jpg
00007_00029.jpg,00007_00029.jpg
00008_00000.jpg,27_10350_1577671998.9461906.jpg
00008_00001.jpg,27_10351_1577671998.9471877.jpg
00008_00002.jpg,27_10352_1577671998.9471877.jpg
00008_00003.jpg,27_10353_1577671998.9481857.jpg
00008_00004.jpg,27_10354_1577671998.9491827.jpg
00008_00005.jpg,27_10355_1577671998.9491827.jpg
00008_00006.jpg,27_10356_1577671998.9501793.jpg
00008_00007.jpg,27_10357_1577671998.9511766.jpg
00008_00008.jpg,27_10358_1577671998.9511766.jpg
00008_00009.jpg,27_10359_1577671998.9521744.jpg
00008_00010.jpg,27_10360_1577671998.9531717.jpg
00008_00011.jpg,27_10361_1577671998.9531717.jpg
00008_00012.jpg,27_10362_1577671998.954169.jpg
00008_00013.jpg,27_10363_1577671998.9551675.jpg
00008_00014.jpg,27_10364_1577671998.9561644.jpg
00008_00015.jpg,27_10365_1577671998.9561644.jpg
00008_00016.jpg,27_10366_1577671998.957162.jpg
00008_00017.jpg,27_10367_1577671998.9581583.jpg
00008_00018.jpg,27_10368_1577671998.9591556.jpg
00008_00019.jpg,27_10369_1577671998.9591556.jpg
00008_00020.jpg,27_10370_1577671998.960165.jpg
00008_00021.jpg,27_10371_1577671998.9611502.jpg
00008_00022.jpg,27_10372_1577671998.9621475.jpg
00008_00023.jpg,27_10373_1577671998.9621475.jpg
00008_00024.jpg,27_10374_1577671998.9631464.jpg
00008_00025.jpg,27_10375_1577671998.964142.jpg
00008_00026.jpg,27_10376_1577671998.964142.jpg
00008_00027.jpg,27_10377_1577671998.9651403.jpg
00008_00028.jpg,27_10378_1577671998.9651403.jpg
00008_00029.jpg,27_10379_1577671998.9661357.jpg
00009_00000.jpg,27_10380_1577671998.9671354.jpg
00009_00001.jpg,27_10381_1577671998.9681325.jpg
00009_00002.jpg,27_10382_1577671998.9681325.jpg
00009_00003.jpg,27_10383_1577671998.9691298.jpg
00009_00004.jpg,27_10384_1577671998.9701266.jpg
00009_00005.jpg,27_10385_1577671998.9711235.jpg
00009_00006.jpg,27_10386_1577671998.972121.jpg
00009_00007.jpg,27_10387_1577671998.972121.jpg
00009_00008.jpg,27_10388_1577671998.973118.jpg
00009_00009.jpg,27_10389_1577671998.973118.jpg
00009_00010.jpg,27_10390_1577671998.9741156.jpg
00009_00011.jpg,27_10391_1577671998.9751117.jpg
00009_00012.jpg,27_10392_1577671998.9761095.jpg
00009_00013.jpg,27_10393_1577671998.9771063.jpg
00009_00014.jpg,27_10394_1577671998.9781036.jpg
00009_00015.jpg,27_10395_1577671998.979104.jpg
00009_00016.jpg,27_10396_1577671998.9801006.jpg
00009_00017.jpg,27_10397_1577671998.981097.jpg
00009_00018.jpg,27_10398_1577671998.9820943.jpg
00009_00019.jpg,27_10399_1577671998.9820943.jpg
00009_00020.jpg,27_10400_1577671998.9830914.jpg
00009_00021.jpg,27_10401_1577671998.984089.jpg
00009_00022.jpg,27_10402_1577671998.9850886.jpg
00009_00023.jpg,27_10403_1577671998.9850886.jpg
00009_00024.jpg,27_10404_1577671998.986083.jpg
00009_00025.jpg,27_10405_1577671998.9876232.jpg
00009_00026.jpg,27_10406_1577671998.9885948.jpg
00009_00027.jpg,27_10407_1577671998.9895887.jpg
00009_00028.jpg,27_10408_1577671998.990586.jpg
00009_00029.jpg,27_10409_1577671998.9915848.jpg
00010_00000.jpg,27_10410_1577671998.9925807.jpg
00010_00001.jpg,27_10411_1577671998.9925807.jpg
00010_00002.jpg,27_10412_1577671998.9935777.jpg
00010_00003.jpg,27_10413_1577671998.9945748.jpg
00010_00004.jpg,27_10414_1577671998.9955728.jpg
00010_00005.jpg,27_10415_1577671998.9955728.jpg
00010_00006.jpg,27_10416_1577671998.9965708.jpg
00010_00007.jpg,27_10417_1577671998.9975657.jpg
00010_00008.jpg,27_10418_1577671998.998563.jpg
00010_00009.jpg,27_10419_1577671998.9995606.jpg
00010_00010.jpg,27_10420_1577671998.9995606.jpg
00010_00011.jpg,27_10421_1577671999.000558.jpg
00010_00012.jpg,27_10422_1577671999.0015564.jpg
00010_00013.jpg,27_10423_1577671999.002556.jpg
00010_00014.jpg,27_10424_1577671999.004548.jpg
00010_00015.jpg,27_10425_1577671999.0055473.jpg
00010_00016.jpg,27_10426_1577671999.006542.jpg
00010_00017.jpg,27_10427_1577671999.0085378.jpg
00010_00018.jpg,27_10428_1577671999.0095344.jpg
00010_00019.jpg,27_10429_1577671999.0105338.jpg
00010_00020.jpg,27_10430_1577671999.011529.jpg
00010_00021.jpg,27_10431_1577671999.0125256.jpg
00010_00022.jpg,27_10432_1577671999.013526.jpg
00010_00023.jpg,27_10433_1577671999.0145211.jpg
00010_00024.jpg,27_10434_1577671999.0155191.jpg
00010_00025.jpg,27_10435_1577671999.016515.jpg
00010_00026.jpg,27_10436_1577671999.0175142.jpg
00010_00027.jpg,27_10437_1577671999.018515.jpg
00010_00028.jpg,27_10438_1577671999.019509.jpg
00010_00029.jpg,27_10439_1577671999.021503.jpg
00011_00000.jpg,27_10440_1577671999.0225012.jpg
00011_00001.jpg,27_10441_1577671999.0234983.jpg
00011_00002.jpg,27_10442_1577671999.0244975.jpg
00011_00003.jpg,27_10443_1577671999.0254922.jpg
00011_00004.jpg,27_10444_1577671999.0254922.jpg
00011_00005.jpg,27_10445_1577671999.0264885.jpg
00011_00006.jpg,27_10446_1577671999.02749.jpg
00011_00007.jpg,27_10447_1577671999.0284832.jpg
00011_00008.jpg,27_10448_1577671999.0294816.jpg
00011_00009.jpg,27_10449_1577671999.0304778.jpg
00011_00010.jpg,27_10450_1577671999.0314755.jpg
00011_00011.jpg,27_10451_1577671999.032475.jpg
00011_00012.jpg,27_10452_1577671999.032475.jpg
00011_00013.jpg,27_10453_1577671999.0334704.jpg
00011_00014.jpg,27_10454_1577671999.034467.jpg
00011_00015.jpg,27_10455_1577671999.0354648.jpg
00011_00016.jpg,27_10456_1577671999.036464.jpg
00011_00017.jpg,27_10457_1577671999.0374603.jpg
00011_00018.jpg,27_10458_1577671999.0384583.jpg
00011_00019.jpg,27_10459_1577671999.0394685.jpg
00011_00020.jpg,27_10460_1577671999.0404534.jpg
00011_00021.jpg,27_10461_1577671999.0414498.jpg
00011_00022.jpg,27_10462_1577671999.042447.jpg
00011_00023.jpg,27_10463_1577671999.043445.jpg
00011_00024.jpg,27_10464_1577671999.044443.jpg
00011_00025.jpg,27_10465_1577671999.044443.jpg
00011_00026.jpg,27_10466_1577671999.045439.jpg
00011_00027.jpg,27_10467_1577671999.0464365.jpg
00011_00028.jpg,27_10468_1577671999.0474348.jpg
00011_00029.jpg,27_10469_1577671999.0484312.jpg
00012_00000.jpg,27_10470_1577671999.0484312.jpg
00012_00001.jpg,27_10471_1577671999.0494273.jpg
00012_00002.jpg,27_10472_1577671999.0504322.jpg
00012_00003.jpg,27_10473_1577671999.0514214.jpg
00012_00004.jpg,27_10474_1577671999.0514214.jpg
00012_00005.jpg,27_10475_1577671999.0524204.jpg
00012_00006.jpg,27_10476_1577671999.053418.jpg
00012_00007.jpg,27_10477_1577671999.054415.jpg
00012_00008.jpg,27_10478_1577671999.0554123.jpg
00012_00009.jpg,27_10479_1577671999.0564084.jpg
00012_00010.jpg,27_10480_1577671999.057408.jpg
00012_00011.jpg,27_10481_1577671999.058405.jpg
00012_00012.jpg,27_10482_1577671999.058405.jpg
00012_00013.jpg,27_10483_1577671999.0594008.jpg
00012_00014.jpg,27_10484_1577671999.0603993.jpg
00012_00015.jpg,27_10485_1577671999.06141.jpg
00012_00016.jpg,27_10486_1577671999.062394.jpg
00012_00017.jpg,27_10487_1577671999.063391.jpg
00012_00018.jpg,27_10488_1577671999.063391.jpg
00012_00019.jpg,27_10489_1577671999.0643954.jpg
00012_00020.jpg,27_10490_1577671999.065385.jpg
00012_00021.jpg,27_10491_1577671999.0663831.jpg
00012_00022.jpg,27_10492_1577671999.0663831.jpg
00012_00023.jpg,27_10493_1577671999.0673811.jpg
00012_00024.jpg,27_10494_1577671999.0683763.jpg
00012_00025.jpg,27_10495_1577671999.0693765.jpg
00012_00026.jpg,27_10496_1577671999.0703733.jpg
00012_00027.jpg,27_10497_1577671999.0713706.jpg
00012_00028.jpg,27_10498_1577671999.0723677.jpg
00012_00029.jpg,27_10499_1577671999.0723677.jpg
00013_00000.jpg,27_10500_1577671999.0733652.jpg
00013_00001.jpg,27_10501_1577671999.0743666.jpg
00013_00002.jpg,27_10502_1577671999.0753617.jpg
00013_00003.jpg,27_10503_1577671999.0753617.jpg
00013_00004.jpg,27_10504_1577671999.0763562.jpg
00013_00005.jpg,27_10505_1577671999.077354.jpg
00013_00006.jpg,27_10506_1577671999.0783508.jpg
00013_00007.jpg,27_10507_1577671999.0783508.jpg
00013_00008.jpg,27_10508_1577671999.079347.jpg
00013_00009.jpg,27_10509_1577671999.0803444.jpg
00013_00010.jpg,27_10510_1577671999.0813415.jpg
00013_00011.jpg,27_10511_1577671999.0813415.jpg
00013_00012.jpg,27_10512_1577671999.0823388.jpg
00013_00013.jpg,27_10513_1577671999.0833375.jpg
00013_00014.jpg,27_10514_1577671999.0843399.jpg
00013_00015.jpg,27_10515_1577671999.0853307.jpg
00013_00016.jpg,27_10516_1577671999.0863285.jpg
00013_00017.jpg,27_10517_1577671999.0873258.jpg
00013_00018.jpg,27_10518_1577671999.0878434.jpg
00013_00019.jpg,27_10519_1577671999.088831.jpg
00013_00020.jpg,27_10520_1577671999.089828.jpg
00013_00021.jpg,27_10521_1577671999.090826.jpg
00013_00022.jpg,27_10522_1577671999.091823.jpg
00013_00023.jpg,27_10523_1577671999.09282.jpg
00013_00024.jpg,27_10524_1577671999.09282.jpg
00013_00025.jpg,27_10525_1577671999.0938182.jpg
00013_00026.jpg,27_10526_1577671999.094815.jpg
00013_00027.jpg,27_10527_1577671999.0958118.jpg
00013_00028.jpg,27_10528_1577671999.0958118.jpg
00013_00029.jpg,27_10529_1577671999.0968094.jpg
00014_00000.jpg,27_10530_1577671999.0978107.jpg
00014_00001.jpg,27_10531_1577671999.0988176.jpg
00014_00002.jpg,27_10532_1577671999.0988176.jpg
00014_00003.jpg,27_10533_1577671999.099801.jpg
00014_00004.jpg,27_10534_1577671999.1007986.jpg
00014_00005.jpg,27_10535_1577671999.101796.jpg
00014_00006.jpg,27_10536_1577671999.1027958.jpg
00014_00007.jpg,27_10537_1577671999.103793.jpg
00014_00008.jpg,27_10538_1577671999.1047907.jpg
00014_00009.jpg,27_10539_1577671999.1057878.jpg
00014_00010.jpg,27_10540_1577671999.1057878.jpg
00014_00011.jpg,27_10541_1577671999.106784.jpg
00014_00012.jpg,27_10542_1577671999.1077824.jpg
00014_00013.jpg,27_10543_1577671999.1087787.jpg
00014_00014.jpg,27_10544_1577671999.1087787.jpg
00014_00015.jpg,27_10545_1577671999.1097775.jpg
00014_00016.jpg,27_10546_1577671999.1107738.jpg
00014_00017.jpg,27_10547_1577671999.1117713.jpg
00014_00018.jpg,27_10548_1577671999.1127691.jpg
00014_00019.jpg,27_10549_1577671999.1137655.jpg
00014_00020.jpg,27_10550_1577671999.1137655.jpg
00014_00021.jpg,27_10551_1577671999.1147761.jpg
00014_00022.jpg,27_10552_1577671999.1157603.jpg
00014_00023.jpg,27_10553_1577671999.1157603.jpg
00014_00024.jpg,27_10554_1577671999.1167572.jpg
00014_00025.jpg,27_10555_1577671999.1177547.jpg
00014_00026.jpg,27_10556_1577671999.1187522.jpg
00014_00027.jpg,27_10557_1577671999.1197493.jpg
00014_00028.jpg,27_10558_1577671999.1207469.jpg
00014_00029.jpg,27_10559_1577671999.1217449.jpg
