date,Archer-Daniels-Midland,Automatic Data Processing,Analog Devices
2/8/2013,30.22,60.925,45.7
2/11/2013,30.28,60.34,46.08
2/12/2013,30.81,60.36,46.27
2/13/2013,31.16,60.45,46.26
2/14/2013,31.4,60.74,46.54
2/15/2013,32.57,61.22,46.175
2/19/2013,33.08,61.46,47.01
2/20/2013,32.5,61.21,45.79
2/21/2013,32.11,60.27,45.12
2/22/2013,32.1,61.01,45.52
2/25/2013,31.7,60.77,44.77
2/26/2013,31.83,61.08,45
2/27/2013,32,61.59,45.38
2/28/2013,31.86,61.36,45.22
3/1/2013,31.97,61.65,45.23
3/4/2013,32.02,61.835,45.3
3/5/2013,32.21,62.66,45.77
3/6/2013,32.32,62.3,46.12
3/7/2013,32.57,63.34,45.71
3/8/2013,32.54,63.35,46.05
3/11/2013,32.46,63.87,46.44
3/12/2013,32.56,63.97,46.48
3/13/2013,32.93,64.18,46.48
3/14/2013,32.91,65.02,46.505
3/15/2013,33,64.48,45.53
3/18/2013,32.69,64.22,44.85
3/19/2013,32.7,64.31,44.91
3/20/2013,33.01,64.425,45.66
3/21/2013,32.61,63.73,44.55
3/22/2013,32.78,64.08,44.9
3/25/2013,32.57,63.93,44.64
3/26/2013,32.83,64.79,45.75
3/27/2013,32.97,64.66,45.75
3/28/2013,33.73,65.03,46.49
4/1/2013,33.69,64.685,45.41
4/2/2013,34.11,65.28,45.2
4/3/2013,33.23,64.75,44.06
4/4/2013,33.59,64.72,43.745
4/5/2013,33.17,63.77,43.61
4/8/2013,33.32,64.26,44
4/9/2013,32.73,64.46,44.07
4/10/2013,33.17,65.66,45.1
4/11/2013,32.98,66.11,44.9
4/12/2013,32.64,65.91,44.59
4/15/2013,31.52,64.46,43.84
4/16/2013,32.18,65.41,44.74
4/17/2013,32.07,65.35,42.85
4/18/2013,31.91,64.63,42.34
4/19/2013,32.18,65.23,42.36
4/22/2013,32.22,65.5,42.66
4/23/2013,32.55,66.36,43.43
4/24/2013,32.39,66.67,43.46
4/25/2013,33.18,66.77,43.65
4/26/2013,33.47,66.59,43.3
4/29/2013,34.03,67.14,43.66
4/30/2013,33.94,67.34,43.99
5/1/2013,33.58,66.82,43.88
5/2/2013,33.6,67.39,44.21
5/3/2013,34.2,69.23,45
5/6/2013,33.88,68.685,45.82
5/7/2013,34.34,68.65,45.78
5/8/2013,34.4,68.56,46.08
5/9/2013,33.91,70,46.38
5/10/2013,34.06,70.03,46.79
5/13/2013,33.99,70.08,46.25
5/14/2013,34.06,70.81,46.34
5/15/2013,34.71,71.74,46.69
5/16/2013,34.16,70.98,46.5
5/17/2013,35,71.99,47.02
5/20/2013,34.4,71.05,46.87
5/21/2013,34.71,71.03,46.56
5/22/2013,34.14,70.26,45.55
5/23/2013,34.16,69.93,45.49
5/24/2013,33.88,69.85,45.37
5/28/2013,34.14,70.49,45.48
5/29/2013,33.43,69.77,45.62
5/30/2013,33.31,69.81,46.24
5/31/2013,32.23,68.72,45.93
6/3/2013,32.65,69.55,45.82
6/4/2013,33,68.97,46.13
6/5/2013,32.6,67.86,45.39
6/6/2013,32.65,67.94,45.47
6/7/2013,32.91,68.91,46.21
6/10/2013,33.1,68.78,45.95
6/11/2013,33.12,68.11,45.02
6/12/2013,32.89,67.33,44.15
6/13/2013,33.39,68.28,45.1
6/14/2013,33.08,68.01,44.95
6/17/2013,33.27,68.7,45.95
6/18/2013,33.83,69.6,46.66
6/19/2013,33.26,69.04,46.04
6/20/2013,32.61,68.2,44.67
6/21/2013,33.09,68.68,45.16
6/24/2013,32.93,68.38,44.03
6/25/2013,33.17,68.84,44.52
6/26/2013,33.58,69.35,45.07
6/27/2013,33.71,69.37,45.37
6/28/2013,33.91,68.86,45.06
7/1/2013,34.35,69.45,45.37
7/2/2013,34.87,70.08,45.31
7/3/2013,34.81,70.24,45.68
7/5/2013,34.88,70.75,46.21
7/8/2013,35.36,70.97,45.76
7/9/2013,35.72,71.04,46.26
7/10/2013,35.9,71.75,46.73
7/11/2013,36.19,71.85,48
7/12/2013,36.31,73.41,48.35
7/15/2013,36.22,72.36,48.4
7/16/2013,35.71,72.3,48.52
7/17/2013,35.69,72.32,48.66
7/18/2013,35.79,72.82,48.34
7/19/2013,36.68,72.88,47.98
7/22/2013,36.17,73.16,47.94
7/23/2013,36.56,72.49,48.38
7/24/2013,36.07,72.22,48.23
7/25/2013,36.64,72.17,48.75
7/26/2013,36.67,72.48,48.56
7/29/2013,36.36,72.1,48.5
7/30/2013,36.02,72.14,48.93
7/31/2013,36.47,72.092,49.38
8/1/2013,37.18,71.85,49.94
8/2/2013,37.57,71.58,49.87
8/5/2013,37.86,71.6,49.58
8/6/2013,37.89,72.24,49.42
8/7/2013,37.76,71.99,49.15
8/8/2013,38.3,72.34,49.1
8/9/2013,38.38,72.46,49
8/12/2013,38.56,72.8,49.41
8/13/2013,38.63,72.99,49.58
8/14/2013,38.54,72.68,48.88
8/15/2013,37.03,71.61,47.83
8/16/2013,37.25,71.89,48.305
8/19/2013,36.58,71.9,47.78
8/20/2013,36.59,72.34,47.85
8/21/2013,36.3,71.83,46.95
8/22/2013,36.07,72.44,47.24
8/23/2013,36.28,72.28,47.33
8/26/2013,34.5,72.03,47.22
8/27/2013,34.63,70.94,46.16
8/28/2013,34.6,70.94,46.17
8/29/2013,34.81,71.3,46.49
8/30/2013,35.21,71.16,46.28
9/3/2013,35.4,71.41,46.66
9/4/2013,36.1,72.05,47.45
9/5/2013,36.19,72.34,47.29
9/6/2013,35.79,73.13,47.04
9/9/2013,36.11,73.79,47.3
9/10/2013,36.08,73.74,47.879
9/11/2013,36.13,74.01,48.245
9/12/2013,35.99,74.18,47.96
9/13/2013,36.22,74.09,47.95
9/16/2013,36.75,74.1,48.3
9/17/2013,37.16,74.16,48.49
9/18/2013,37.11,74.74,48.5
9/19/2013,37.06,74.68,48.38
9/20/2013,37.24,74.43,47.995
9/23/2013,36.63,73.13,47.56
9/24/2013,36.77,72.95,47.74
9/25/2013,36.67,72.52,47.58
9/26/2013,36.81,72.92,47.45
9/27/2013,37.12,72.56,46.89
9/30/2013,36.84,72.38,47.05
10/1/2013,36.85,72.16,47.11
10/2/2013,37.18,72.02,46.8
10/3/2013,36.75,71.1,46.32
10/4/2013,36.7,71.52,46.99
10/7/2013,36.42,71.02,46.64
10/8/2013,36.19,70.24,45.7
10/9/2013,36.33,70.28,45.69
10/10/2013,37.07,71.81,46.65
10/11/2013,36.59,72.51,46.98
10/14/2013,36.97,72.86,47.27
10/15/2013,36.82,72.32,46.73
10/16/2013,37.52,73.72,47.24
10/17/2013,37.9,74.08,47.52
10/18/2013,38.02,74.19,47.66
10/21/2013,38.66,74.7,47.75
10/22/2013,39.49,75.45,47.64
10/23/2013,39.27,75.11,46.48
10/24/2013,39.18,75.41,46.95
10/25/2013,39.93,75.51,46.75
10/28/2013,39.84,75.67,47.48
10/29/2013,40.73,76.35,49.17
10/30/2013,41,74.3,48.78
10/31/2013,40.9,75.025,49.3
11/1/2013,40.9,75.31,49.68
11/4/2013,40.87,75.51,49.16
11/5/2013,41.98,75.51,49.79
11/6/2013,41.76,75.83,49.93
11/7/2013,41.23,75.33,49.14
11/8/2013,41.44,76.01,49.8
11/11/2013,41.14,75.76,49.66
11/12/2013,40.42,75.72,49.85
11/13/2013,41.43,76.45,50.35
11/14/2013,42,76.97,50.361
11/15/2013,40.56,77.33,50.69
11/18/2013,40.94,77.36,50.11
11/19/2013,40.97,79.71,49.45
11/20/2013,39.9,79.05,49.08
11/21/2013,41.15,79.78,49.77
11/22/2013,41.86,80.01,49.76
11/25/2013,41.35,80.12,49.66
11/26/2013,41.6,80.31,49.92
11/27/2013,41.49,80.33,48.54
11/29/2013,40.25,80.02,48.22
12/2/2013,40.85,79.57,48.4
12/3/2013,41.1,80.34,49.56
12/4/2013,41.73,79.33,48.77
12/5/2013,41.47,78.53,48.82
12/6/2013,41.94,79.66,49.27
12/9/2013,42.48,79.01,49.01
12/10/2013,42.36,78.51,48.91
12/11/2013,41.71,77.43,48.67
12/12/2013,40.59,77.15,48.11
12/13/2013,40.34,77.02,48.41
12/16/2013,40.66,77.515,48.74
12/17/2013,41.48,77.25,48.94
12/18/2013,43.14,79.09,49.78
12/19/2013,43.79,79.425,49.66
12/20/2013,43.36,79.97,50.01
12/23/2013,43.04,79.94,50.62
12/24/2013,43.27,80.22,50.63
12/26/2013,43.65,80.75,50.74
12/27/2013,43.76,80.72,50.7
12/30/2013,43.69,81.08,50.85
12/31/2013,43.4,80.799,50.93
1/2/2014,42.99,79.86,49.28
1/3/2014,43.19,80.73,49.61
1/6/2014,43.28,79.81,49.33
1/7/2014,42.85,80.78,49.59
1/8/2014,42.36,80.35,49.71
1/9/2014,42.16,80.63,49.52
1/10/2014,41.98,80.35,49.53
1/13/2014,41.53,79.05,48.87
1/14/2014,42.33,79.95,49.71
1/15/2014,42.45,80.09,50.02
1/16/2014,41.25,79.81,49.82
1/17/2014,41.01,79.97,49.38
1/21/2014,41.37,80.32,49.98
1/22/2014,42.25,80.38,50.37
1/23/2014,40.84,79.31,49.41
1/24/2014,39.57,76.97,48.25
1/27/2014,39.36,76.5,48.22
1/28/2014,40.07,77.03,48.51
1/29/2014,39.22,76.53,48.27
1/30/2014,39.51,77.3,48.89
1/31/2014,39.48,76.6,48.27
2/3/2014,38.91,74.08,47.26
2/4/2014,38.23,74.95,47.69
2/5/2014,38.66,73.53,47.85
2/6/2014,39.11,74.2,48.35
2/7/2014,39.89,74.89,48.97
2/10/2014,40.11,74.45,49.22
2/11/2014,40.53,74.66,49.75
2/12/2014,40.65,75.58,49.89
2/13/2014,40.67,76.21,50.69
2/14/2014,40.78,76.27,50.77
2/18/2014,40.53,76.49,51.23
2/19/2014,39.95,76.15,51.57
2/20/2014,40.12,76.51,51.4
2/21/2014,39.99,76.2,51.12
2/24/2014,40.16,76.8,50.96
2/25/2014,40.39,77.01,50.8
2/26/2014,40.39,77.42,50.84
2/27/2014,39.89,77.72,51.03
2/28/2014,40.6,77.78,50.82
3/3/2014,39.88,76.67,50.58
3/4/2014,40.7,78.45,51.2
3/5/2014,40.67,77.72,51.24
3/6/2014,40.94,78.03,51.57
3/7/2014,41.33,78.56,51.83
3/10/2014,42.45,78.21,51.8
3/11/2014,42.45,77.9,51.52
3/12/2014,42.93,77.69,51.73
3/13/2014,42.4,76.99,50.45
3/14/2014,42.51,77.55,50.09
3/17/2014,42.56,78.49,50.68
3/18/2014,42.93,78.99,51.44
3/19/2014,42.66,78.29,51.6
3/20/2014,42.7,78.34,53.225
3/21/2014,42.67,77.75,53.24
3/24/2014,42.3,76.45,53.61
3/25/2014,42.41,76.68,53.29
3/26/2014,42.7,76.2,52.75
3/27/2014,43.1,76.67,52.58
3/28/2014,43.21,76.95,52.84
3/31/2014,43.39,77.26,53.14
4/1/2014,43.43,77.5,54.08
4/2/2014,43.43,77.67,54.06
4/3/2014,43.15,77.37,53.98
4/4/2014,43.05,75.82,52.92
4/7/2014,43.6,75.27,53.12
4/8/2014,43.53,75.56,53.96
4/9/2014,44.38,75.88,54.3
4/10/2014,44.17,75.22,52.49
4/11/2014,44.41,73.73,52.09
4/14/2014,44.69,74.24,52.46
4/15/2014,44.27,75.08,53.18
4/16/2014,45.02,75.43,52.15
4/17/2014,45.04,76.31,52.85
4/21/2014,44.89,76.06,52.9
4/22/2014,44.61,76.33,53.3
4/23/2014,44.73,76.29,53.29
4/24/2014,44.63,76.62,53.7
4/25/2014,44.42,75.66,51.42
4/28/2014,44.38,75.68,50.99
4/29/2014,43.23,76.99,51.19
4/30/2014,43.73,77.96,51.29
5/1/2014,43.24,77.62,50.82
5/2/2014,43.55,77.54,51.41
5/5/2014,43.41,77.87,51.18
5/6/2014,43.14,77.06,50.74
5/7/2014,44.27,77.46,50.8
5/8/2014,44.07,77.85,51.31
5/9/2014,44.39,78.07,51.25
5/12/2014,44.67,78.89,52.23
5/13/2014,44.31,78.92,51.47
5/14/2014,43.85,78.09,51.06
5/15/2014,43.53,76.75,50.78
5/16/2014,43.82,77.81,51.6
5/19/2014,43.89,78.05,51.98
5/20/2014,43.33,77.56,51.98
5/21/2014,43.86,77.72,51.33
5/22/2014,43.65,78.08,51.74
5/23/2014,43.56,78.85,52.39
5/27/2014,44.32,79.3,53.02
5/28/2014,44.29,78.87,52.45
5/29/2014,44.64,79.56,52.26
5/30/2014,44.94,79.68,52.38
6/2/2014,44.85,79.38,52.37
6/3/2014,44.35,78.71,52.47
6/4/2014,44.31,78.83,52.49
6/5/2014,44.97,78.7,52.57
6/6/2014,45.18,79.61,52.69
6/9/2014,45.14,80,55.31
6/10/2014,45.14,79.4,55.79
6/11/2014,44.66,78.54,55.63
6/12/2014,43.47,78.25,55.44
6/13/2014,43.84,78.81,55.62
6/16/2014,44.22,78.65,55.5
6/17/2014,44.41,78.22,55.7
6/18/2014,44.43,78.61,55.13
6/19/2014,45.12,78.46,54.93
6/20/2014,44.87,79.45,54.69
6/23/2014,44.98,79.22,54.52
6/24/2014,44.28,79.06,53.87
6/25/2014,43.89,79.25,53.75
6/26/2014,43.93,79.11,53.55
6/27/2014,43.82,79.48,53.5
6/30/2014,44.11,79.28,54.07
7/1/2014,44.85,80.37,54.52
7/2/2014,45.32,80.22,54.41
7/3/2014,45.77,80.59,54.825
7/7/2014,46.5,80.44,54.66
7/8/2014,45.94,80.47,54.45
7/9/2014,46.15,80.47,54.74
7/10/2014,47.35,80.145,54.4
7/11/2014,47.85,80.13,54.29
7/14/2014,48.07,80.34,53.85
7/15/2014,47.54,80.34,53.73
7/16/2014,47.76,80.5,53.67
7/17/2014,47.32,79.96,52.94
7/18/2014,48.1,81.03,53.48
7/21/2014,48.08,80.98,53.46
7/22/2014,48.2,81.68,53.75
7/23/2014,48.29,81.83,51.28
7/24/2014,48.43,82.43,51.3
7/25/2014,48.12,82.61,50.16
7/28/2014,48.07,82.49,50.55
7/29/2014,47.57,81.87,50.52
7/30/2014,46.74,82.15,50.86
7/31/2014,46.4,81.31,49.63
8/1/2014,46.57,81.54,50.01
8/4/2014,46.95,81.21,49.69
8/5/2014,48.56,80.48,49.65
8/6/2014,48.64,80.36,50.05
8/7/2014,48.52,80.07,48.93
8/8/2014,49.04,81.12,49.54
8/11/2014,49.81,81.34,49.93
8/12/2014,49.64,81.27,50.175
8/13/2014,50.04,82,50.53
8/14/2014,49.97,82.39,50.735
8/15/2014,49.74,82.27,51.175
8/18/2014,49.79,83.25,51.34
8/19/2014,49.69,83.43,51.72
8/20/2014,49.8,83.57,52.165
8/21/2014,49.57,83.89,52.54
8/22/2014,49.14,83.49,52.5
8/25/2014,49.46,83.62,51.93
8/26/2014,49.2,83.82,52.21
8/27/2014,49.58,83.67,51.025
8/28/2014,49.75,83.5,51.29
8/29/2014,49.86,83.48,51.12
9/2/2014,50.06,83.69,50.62
9/3/2014,49.93,83.78,50.25
9/4/2014,50.2,83.81,50.41
9/5/2014,50.36,84.34,50.22
9/8/2014,50.53,84.09,50.07
9/9/2014,50.46,83.61,49.8
9/10/2014,50.67,83.61,49.64
9/11/2014,50.92,83.2,49.76
9/12/2014,50.41,83.02,49.12
9/15/2014,50.56,83.46,48.87
9/16/2014,51.26,83.41,49.2
9/17/2014,51.2,83.35,49.63
9/18/2014,52.06,84.19,50.29
9/19/2014,51.69,83.88,49.99
9/22/2014,51.46,83.09,49.92
9/23/2014,50.77,82.61,49.67
9/24/2014,51.46,83.93,50
9/25/2014,50.48,82.36,49.64
9/26/2014,50.87,82.59,50.025
9/29/2014,51.3,82.81,49.81
9/30/2014,51.1,83.08,49.49
10/1/2014,50.4,71.42,48.25
10/2/2014,50.53,72.5,47.8
10/3/2014,51.11,74.85,47.58
10/6/2014,50.59,74.52,47.145
10/7/2014,49.57,73.52,46.21
10/8/2014,48.02,74.78,47.75
10/9/2014,47.13,73.19,46.34
10/10/2014,46.36,72.66,43.45
10/13/2014,44.76,71.95,43.1
10/14/2014,43.08,72.64,43.46
10/15/2014,42.98,71.78,44.12
10/16/2014,43.17,71.63,44.6
10/17/2014,44.5,72.68,44.94
10/20/2014,45.4,73.35,45.32
10/21/2014,45.7,74.805,46.715
10/22/2014,45.76,74.61,46.02
10/23/2014,45.54,75.44,46.42
10/24/2014,45.58,76.2,46.85
10/27/2014,44.62,76.47,46.62
10/28/2014,45.69,77.26,46.99
10/29/2014,45.82,77.92,47.31
10/30/2014,46.58,78.95,47
10/31/2014,47,81.78,49.62
11/3/2014,47.25,81.74,49.72
11/4/2014,49.54,83.15,49.45
11/5/2014,50.31,84.3,50.03
11/6/2014,49.97,84.745,50.22
11/7/2014,50.55,84.375,50.24
11/10/2014,50.77,85.12,50.42
11/11/2014,51.12,84.95,50.14
11/12/2014,50.71,85.205,50.255
11/13/2014,50.81,85.41,50.21
11/14/2014,51.35,84.75,50.62
11/17/2014,51.99,84.84,50.35
11/18/2014,52.01,84.75,51.26
11/19/2014,52.22,84.27,50.75
11/20/2014,52.57,84.115,51.17
11/21/2014,52.71,84.14,51.65
11/24/2014,52.95,84.785,51.8
11/25/2014,52.93,84.52,51.71
11/26/2014,53.18,84.86,54.56
11/28/2014,52.68,85.64,54.64
12/1/2014,52.46,86.07,54.65
12/2/2014,53.31,85.8,55.21
12/3/2014,53.71,85.94,56.51
12/4/2014,52.78,86.055,56.62
12/5/2014,53.25,85.82,57.34
12/8/2014,52.46,85.59,56.18
12/9/2014,53.04,85.255,56.37
12/10/2014,51.27,84.13,55.64
12/11/2014,50.9,84.6,56.25
12/12/2014,49.85,82.5,55.915
12/15/2014,49.83,82.78,55.42
12/16/2014,49.32,82.91,54.78
12/17/2014,49.64,84.685,55.99
12/18/2014,51.16,85.68,57.06
12/19/2014,52.24,84.71,56.75
12/22/2014,52.72,85.7,57.49
12/23/2014,53.17,85.17,56.66
12/24/2014,53.11,85.24,56.71
12/26/2014,53.42,85.2,56.28
12/29/2014,53.13,84.87,56.08
12/30/2014,52.89,84.11,55.555
12/31/2014,52,83.37,55.52
1/2/2015,52.02,83.29,55.54
1/5/2015,50.22,83.23,54.525
1/6/2015,49.23,82.535,53.25
1/7/2015,49.97,83.26,53.81
1/8/2015,49.24,85.17,54.76
1/9/2015,48.82,84.56,54.72
1/12/2015,48.21,84.145,54.17
1/13/2015,48.28,83.98,53.55
1/14/2015,47.45,83.735,53.51
1/15/2015,47.21,83.7,52.73
1/16/2015,47.68,84.57,53.69
1/20/2015,47.2,84.97,54.39
1/21/2015,47.7,84.56,54.58
1/22/2015,48.08,86.61,54.75
1/23/2015,47.87,86.85,54.51
1/26/2015,48.29,86.57,54.66
1/27/2015,48.28,85.63,53.37
1/28/2015,47.49,84.53,52.925
1/29/2015,47.92,84.35,53.23
1/30/2015,46.63,82.53,52.105
2/2/2015,48.17,83.44,52.295
2/3/2015,48.76,85.14,53.97
2/4/2015,46.15,86.58,53.78
2/5/2015,48.68,87.17,54.95
2/6/2015,47.56,86.44,55.005
2/9/2015,47.38,86.01,54.555
2/10/2015,47.58,86.52,55.54
2/11/2015,46.92,86.82,55.62
2/12/2015,47.44,87.745,56.715
2/13/2015,48.1,88.75,57.05
2/17/2015,47.77,87.11,58.81
2/18/2015,47.71,87.59,58.38
2/19/2015,47.78,87.73,58.65
2/20/2015,48.15,88.685,59.13
2/23/2015,48.26,89.17,58.98
2/24/2015,48.65,89.26,59.61
2/25/2015,48.1,89.07,58.99
2/26/2015,47.55,88.84,58.88
2/27/2015,47.88,88.84,58.54
3/2/2015,47.85,90.18,59.775
3/3/2015,47.52,88.7,58.74
3/4/2015,47.08,86.575,58.4
3/5/2015,47.48,86.75,58.45
3/6/2015,46.25,85.995,57.93
3/9/2015,46.39,86.84,58.46
3/10/2015,45.52,85.15,57.2
3/11/2015,45.5,84.985,57.29
3/12/2015,46.64,86.39,57.51
3/13/2015,46.3,85.88,57.53
3/16/2015,46.49,87.35,58.795
3/17/2015,46.25,86.64,58.76
3/18/2015,47.17,87.35,59.67
3/19/2015,46.49,87.37,60
3/20/2015,46.95,87.77,61.07
3/23/2015,47.13,87.305,60.4
3/24/2015,46.96,86.965,60.36
3/25/2015,46.71,84.74,57.56
3/26/2015,46.3,84.41,57.415
3/27/2015,46.46,84.63,58.84
3/30/2015,47.42,85.89,64.81
3/31/2015,47.4,85.64,63
4/1/2015,47.43,85.26,62.57
4/2/2015,47.35,85.92,62.24
4/6/2015,48.33,86.25,62.78
4/7/2015,48.16,85.855,63.24
4/8/2015,48.33,86.57,63.67
4/9/2015,47.9,86.6,64.03
4/10/2015,47.96,86.34,64.235
4/13/2015,47.88,85.92,63.75
4/14/2015,48.01,85.62,62.57
4/15/2015,48.4,85.76,63.925
4/16/2015,48.3,85.38,64.105
4/17/2015,48.28,83.53,63.42
4/20/2015,48.3,84.8,63.72
4/21/2015,47.94,85.1,64.37
4/22/2015,48.1,85.31,64.49
4/23/2015,48.27,85.765,63.59
4/24/2015,48.21,84.995,62.53
4/27/2015,48.61,84.7,62.67
4/28/2015,48.78,85.61,63.22
4/29/2015,48.95,85.39,62.82
4/30/2015,48.88,84.54,61.84
5/1/2015,49.78,86.03,63.27
5/4/2015,50.32,86.5,63.25
5/5/2015,50.35,85.61,61.765
5/6/2015,49.94,85.41,61.64
5/7/2015,50.32,86.295,62.04
5/8/2015,51.25,87.35,62.72
5/11/2015,51.6,87.21,62.64
5/12/2015,51.92,86.76,62.08
5/13/2015,52.16,86.31,62.24
5/14/2015,52.88,87.99,63.4
5/15/2015,53.04,87.77,63.175
5/18/2015,53.13,87.48,63.36
5/19/2015,52.52,87.9,63.45
5/20/2015,52.43,87.43,66.18
5/21/2015,52.92,87.27,65.49
5/22/2015,52.67,86.82,67.095
5/26/2015,52.15,85.42,66.85
5/27/2015,53.17,85.91,68.29
5/28/2015,52.66,85.97,68.31
5/29/2015,52.85,85.51,67.96
6/1/2015,53.03,85.3,68.75
6/2/2015,52.76,85.45,67.71
6/3/2015,52.46,85.465,67.29
6/4/2015,51.39,84.08,66.94
6/5/2015,51.01,84.26,67.37
6/8/2015,51.01,83.5,65.95
6/9/2015,51.01,83.16,65.69
6/10/2015,52.21,84.175,67.72
6/11/2015,52.06,84.62,67.22
6/12/2015,51.91,83.85,66.26
6/15/2015,51.27,82.92,66.7
6/16/2015,51.45,83.275,66.63
6/17/2015,50.94,83.275,67.23
6/18/2015,51.37,84.58,68.3
6/19/2015,51.5,84.41,67.91
6/22/2015,51.99,85,68.02
6/23/2015,52,84.77,67.53
6/24/2015,51.45,83.63,66.84
6/25/2015,50.7,83.35,66.59
6/26/2015,49.57,83.31,65.8
6/29/2015,48.45,80.91,63.99
6/30/2015,48.22,80.23,64.185
7/1/2015,48.64,80.89,64.57
7/2/2015,48.65,80.83,64.38
7/6/2015,48.09,80.83,63.59
7/7/2015,48.14,81.07,63.38
7/8/2015,47.51,80.03,61.94
7/9/2015,47.09,80.69,60.89
7/10/2015,47.21,81.52,61.51
7/13/2015,47.5,81.73,61.87
7/14/2015,47.79,81.89,62.62
7/15/2015,47.46,82.5,62.92
7/16/2015,47.85,82.9,62.83
7/17/2015,48.02,82.39,62.46
7/20/2015,48.04,82.17,61.99
7/21/2015,47.49,81.41,62.08
7/22/2015,47.68,81.69,58.65
7/23/2015,48.02,80.94,60.05
7/24/2015,47.19,79.78,58.49
7/27/2015,47.26,79.72,57.89
7/28/2015,48.35,80.58,58.99
7/29/2015,48.13,82.34,58.79
7/30/2015,47.82,80.13,58.82
7/31/2015,47.42,79.77,58.33
8/3/2015,47.7,80.11,58.67
8/4/2015,48.41,80.68,58.48
8/5/2015,48.22,81.84,60.7
8/6/2015,47.95,80.3,58.87
8/7/2015,46.42,80.29,59.61
8/10/2015,46.53,81.6,61.09
8/11/2015,46.07,81.33,59.38
8/12/2015,46.89,81.55,59.74
8/13/2015,47.51,82.45,59
8/14/2015,47.2,82.99,58.84
8/17/2015,47.51,84.7,59.5
8/18/2015,47.68,84.69,57.9
8/19/2015,46.72,84.47,58.38
8/20/2015,46.2,82.71,53.82
8/21/2015,45.12,79.23,53.78
8/24/2015,43.55,76.28,51.67
8/25/2015,43.01,73.52,50.61
8/26/2015,43.99,77.8,54.22
8/27/2015,44.83,78.03,56.48
8/28/2015,44.65,78.41,56.45
8/31/2015,44.99,77.32,55.86
9/1/2015,43.34,75.1,53.55
9/2/2015,43.62,77.09,54.59
9/3/2015,43.75,77.55,55.17
9/4/2015,42.9,76.15,53.96
9/8/2015,43.7,78.2,57.77
9/9/2015,42.99,77.51,56.27
9/10/2015,43.06,77.92,56.01
9/11/2015,42.82,78.31,56.35
9/14/2015,42.93,77.76,57.56
9/15/2015,43.47,78.89,58.3
9/16/2015,44.19,79.59,58.45
9/17/2015,44.25,79.43,57.93
9/18/2015,43.23,79.01,56.67
9/21/2015,43.38,79.9,56.63
9/22/2015,42.45,79.19,55.18
9/23/2015,42.06,79.37,55.2
9/24/2015,42.02,79.58,54
9/25/2015,42.5,80.3,54.44
9/28/2015,41.09,78.62,53.47
9/29/2015,41.02,79.09,54.05
9/30/2015,41.45,80.36,56.41
10/1/2015,41.46,80.89,54.94
10/2/2015,42.42,81.36,55.69
10/5/2015,43.64,82.7,57.43
10/6/2015,43.64,82.44,56.89
10/7/2015,44.31,83.65,57.87
10/8/2015,45.13,85.12,57.72
10/9/2015,45.42,85.24,56.69
10/12/2015,45.44,85.68,56.58
10/13/2015,44.92,85.16,56.05
10/14/2015,44.96,85.14,60.99
10/15/2015,45.56,85.97,61.28
10/16/2015,45.96,86.69,60.19
10/19/2015,45.97,87.3,60.22
10/20/2015,45.7,87.42,60.4
10/21/2015,45.29,87.45,61.75
10/22/2015,46.7,89.69,63.4
10/23/2015,46.89,90.53,63.62
10/26/2015,46.39,90.11,61.53
10/27/2015,46.24,90.33,61.39
10/28/2015,46.8,87.91,61.86
10/29/2015,45.53,88.36,59.98
10/30/2015,45.66,86.99,60.12
11/2/2015,46.28,86.99,60.34
11/3/2015,43.15,86.73,60.66
11/4/2015,43.02,86.96,60.49
11/5/2015,43.07,86.98,60.36
11/6/2015,42.13,87.63,61.7
11/9/2015,41.52,86.76,60.96
11/10/2015,40.63,86.95,59.97
11/11/2015,40.51,87.18,59.9
11/12/2015,38.51,86.22,59.46
11/13/2015,37.76,85.05,58.13
11/16/2015,38.24,86.52,58.48
11/17/2015,37.2,85.89,59.3
11/18/2015,37.41,86.5,60.74
11/19/2015,36.43,86.39,59.77
11/20/2015,35.83,87.29,59.42
11/23/2015,36.72,87.35,56.8
11/24/2015,36.04,86.71,60.42
11/25/2015,36.47,86.41,60.25
11/27/2015,36.46,86.69,60.45
11/30/2015,36.49,86.26,61.63
12/1/2015,36.7,87.56,61.57
12/2/2015,36.52,86.91,60.74
12/3/2015,35.61,85.26,59.05
12/4/2015,35.97,87.43,59.21
12/7/2015,35.41,86.6,58.5
12/8/2015,35.27,86.32,58.02
12/9/2015,35.41,84.95,56.65
12/10/2015,35.09,85.46,57.15
12/11/2015,34.22,83.33,56.93
12/14/2015,34.18,84.6,56.82
12/15/2015,34.86,85.47,56.55
12/16/2015,35.4,86.2,57.53
12/17/2015,34.29,84.81,56.12
12/18/2015,35,83.28,55.17
12/21/2015,35.31,84.14,55.83
12/22/2015,36.41,84.86,56.015
12/23/2015,36.68,85.73,56.48
12/24/2015,36.65,85.94,56.8
12/28/2015,36.5,85.75,56.45
12/29/2015,37.09,86.84,57.31
12/30/2015,36.88,86.38,56.55
12/31/2015,36.68,84.72,55.32
1/4/2016,35.84,82.07,54.44
1/5/2016,36.24,82.27,54.04
1/6/2016,35.36,81.26,51.74
1/7/2016,34.52,78.78,50.42
1/8/2016,34.39,78.13,49.98
1/11/2016,34.16,78.51,51.17
1/12/2016,34.27,79.47,51.65
1/13/2016,33.47,77.34,50.1
1/14/2016,33.36,78.99,50.5
1/15/2016,31.51,77.92,49.82
1/19/2016,30.51,79.11,49.39
1/20/2016,31.29,78.22,50.58
1/21/2016,31.92,79.25,50.53
1/22/2016,33.23,81.11,51.38
1/25/2016,32.43,80.09,51.05
1/26/2016,33.63,80.89,51.29
1/27/2016,33.74,80.48,51.28
1/28/2016,34.7,80.75,51.76
1/29/2016,35.35,83.09,53.86
2/1/2016,35.46,82.97,53.17
2/2/2016,32.36,82.17,51.34
2/3/2016,33.44,82.15,51.38
2/4/2016,34.25,82.8,51.67
2/5/2016,34.07,81.31,49.82
2/8/2016,33.3,81.25,49.16
2/9/2016,33.58,80.67,49.31
2/10/2016,33.18,80.83,48.96
2/11/2016,31.63,80.21,48.84
2/12/2016,32.45,81.74,49.64
2/16/2016,33.62,83.78,52.07
2/17/2016,33.4,85.33,52.73
2/18/2016,33.9,84.91,52.04
2/19/2016,32.65,85.56,52.1
2/22/2016,33.79,86.4,52.61
2/23/2016,33.79,84.85,51.46
2/24/2016,33.85,85.26,51.81
2/25/2016,34.62,85.92,52.99
2/26/2016,34.79,85.66,53.44
2/29/2016,34.96,84.69,52.99
3/1/2016,35.48,86.77,54.7
3/2/2016,35.83,85.65,55.41
3/3/2016,36.83,85.65,55.47
3/4/2016,37.65,86.19,55.78
3/7/2016,37.14,86.09,56.49
3/8/2016,36.03,85.49,55.34
3/9/2016,36.06,85.72,54.93
3/10/2016,35.77,85.2,55.12
3/11/2016,36.6,87.27,55.94
3/14/2016,36.71,87.27,55.67
3/15/2016,36.56,87.32,56.11
3/16/2016,37.46,87.66,56.86
3/17/2016,38.2,88.84,57.87
3/18/2016,38.07,88.64,59.01
3/21/2016,38.17,89.01,58.85
3/22/2016,37.61,88.64,58.52
3/23/2016,36.6,88.53,58.33
3/24/2016,36.47,88.75,58.64
3/28/2016,36.35,88.3,58.32
3/29/2016,36.87,89.43,58.8
3/30/2016,36.62,89.15,59.11
3/31/2016,36.31,89.71,59.19
4/1/2016,36.47,90.26,58.98
4/4/2016,36.04,89.71,58.76
4/5/2016,35.11,89.75,58.48
4/6/2016,35.54,90.84,59.16
4/7/2016,35.72,89.8,58.36
4/8/2016,36.09,90.33,58.8
4/11/2016,36,89.71,58.6
4/12/2016,36.83,90.11,58.8
4/13/2016,37.14,90.24,59.8
4/14/2016,36.59,90.26,59.44
4/15/2016,37.3,90.15,58.66
4/18/2016,37.71,90.7,58.7
4/19/2016,38.23,90.74,58.23
4/20/2016,38.87,90.12,59.18
4/21/2016,38.35,89.35,58.81
4/22/2016,39.62,89.65,58.48
4/25/2016,39.26,89.58,58.43
4/26/2016,39.73,89.79,59.33
4/27/2016,39.91,90.12,59.64
4/28/2016,40.07,89.1,57.86
4/29/2016,39.94,88.44,56.32
5/2/2016,40.26,89.43,57.01
5/3/2016,39.1,88.81,56.23
5/4/2016,38.72,88.39,55.83
5/5/2016,38.08,86.45,55.69
5/6/2016,38.2,86.85,55.47
5/9/2016,37.73,87.16,55.23
5/10/2016,38.4,88.5,56.1
5/11/2016,37.96,86.67,55.75
5/12/2016,38.54,86.54,54.9
5/13/2016,37.64,85.76,54.72
5/16/2016,37.65,86.7,55.43
5/17/2016,37.49,85.35,55.37
5/18/2016,37.51,85.6,55.82
5/19/2016,38.37,85.14,55.7
5/20/2016,39.83,85.47,56.54
5/23/2016,40.44,85.25,56.76
5/24/2016,42.05,87.46,58.22
5/25/2016,42.48,87.52,58.27
5/26/2016,43.07,87.7,58.29
5/27/2016,43.23,88.04,58.44
5/31/2016,42.77,87.84,58.5
6/1/2016,42.83,88.12,58.65
6/2/2016,43.47,88.09,58.28
6/3/2016,43.6,87.33,58.11
6/6/2016,43.67,87.69,57.09
6/7/2016,43.66,86.87,57.79
6/8/2016,43.82,87.22,57.78
6/9/2016,43.83,87.63,57.56
6/10/2016,43.03,87.09,56.96
6/13/2016,41.82,87.16,56.87
6/14/2016,41.78,87.49,57.07
6/15/2016,42.15,87.61,56.87
6/16/2016,42.05,88.03,56.9
6/17/2016,42.31,87.61,55.99
6/20/2016,42.45,89.04,56.79
6/21/2016,41.94,89.34,57.06
6/22/2016,42,88.82,56.85
6/23/2016,42.71,89.94,58.11
6/24/2016,40.5,86.72,55.04
6/27/2016,39.14,85.66,52.55
6/28/2016,40.56,87.92,54.31
6/29/2016,41.58,89.13,55.62
6/30/2016,42.89,91.87,56.64
7/1/2016,42.61,92.75,56.63
7/5/2016,41.95,93.31,55.36
7/6/2016,42.12,93.42,55.46
7/7/2016,42.12,93.5,55.95
7/8/2016,43.48,94.47,57.74
7/11/2016,43.16,95.14,58.25
7/12/2016,43.29,94.81,58.99
7/13/2016,43.1,95.14,59.52
7/14/2016,43.48,95.21,60.02
7/15/2016,43.95,95.06,60.15
7/18/2016,44.25,94.93,60.43
7/19/2016,43.48,95.02,60.27
7/20/2016,43.39,95.39,60.69
7/21/2016,43.39,94.88,59.95
7/22/2016,43.72,95.44,60.4
7/25/2016,43.6,95.29,60.53
7/26/2016,43.87,95.72,62.8725
7/27/2016,43.9,94.93,63.33
7/28/2016,44.94,91.73,64.22
7/29/2016,45.08,88.95,63.83
8/1/2016,44.24,88.67,63.98
8/2/2016,43.45,87.97,62.84
8/3/2016,43.93,88.19,62.87
8/4/2016,43.74,88.41,63.34
8/5/2016,44.45,89.67,63.69
8/8/2016,44.52,89.44,63.44
8/9/2016,44.38,89.97,63.82
8/10/2016,44.31,90.04,63.79
8/11/2016,43.93,90.4,64.14
8/12/2016,44.08,90.13,64.24
8/15/2016,43.77,90.35,65.27
8/16/2016,43.47,89.56,64.88
8/17/2016,43.63,89.33,64.2
8/18/2016,43.57,89.83,64.13
8/19/2016,43.48,89.85,64.14
8/22/2016,43.8,89.91,63.84
8/23/2016,44.12,89.98,63.8
8/24/2016,43.32,89.68,62.7
8/25/2016,42.56,89.77,62.72
8/26/2016,42.39,89.79,62.96
8/29/2016,42.84,89.59,62.89
8/30/2016,43.21,89.79,62.9
8/31/2016,43.76,89.81,62.56
9/1/2016,43.14,90.63,63.06
9/2/2016,43.82,90.39,63.15
9/6/2016,43.94,89.86,62.73
9/7/2016,44.02,89.96,61.65
9/8/2016,43.24,89.47,61.41
9/9/2016,42.02,86.57,59.62
9/12/2016,42.96,88.14,60.62
9/13/2016,42,86.69,60.45
9/14/2016,41.98,86.69,60.92
9/15/2016,42.28,87.48,62.65
9/16/2016,42.03,86.75,62.05
9/19/2016,42.18,86.56,62.46
9/20/2016,42.15,87.79,62.34
9/21/2016,42.81,88.88,63.3
9/22/2016,42.98,89.46,63.68
9/23/2016,42.47,88.47,63.23
9/26/2016,41.9,88.19,62.28
9/27/2016,41.89,88.95,63.81
9/28/2016,41.85,87.45,63.93
9/29/2016,41.53,87.21,63.74
9/30/2016,42.17,88.2,64.45
10/3/2016,42.9,87.63,64.25
10/4/2016,42.79,87.17,64.24
10/5/2016,43.27,87.58,64.68
10/6/2016,43.16,87.56,64.74
10/7/2016,42.65,87.37,64.42
10/10/2016,43.27,87.77,63.35
10/11/2016,42.34,86.09,62.1
10/12/2016,42.39,86.87,61.19
10/13/2016,42.25,86.89,60.71
10/14/2016,42.13,87.56,62.06
10/17/2016,41.85,87.24,61.7
10/18/2016,41.98,87.38,62.14
10/19/2016,42.22,87.43,61.91
10/20/2016,42.18,86.84,63.47
10/21/2016,42.32,86.72,62.91
10/24/2016,42.51,87.67,64.02
10/25/2016,42.53,87.5,64.06
10/26/2016,43.28,87.19,63.44
10/27/2016,43.08,86.66,63.27
10/28/2016,43.59,87.16,63.53
10/31/2016,43.57,87.06,64.1
11/1/2016,46.75,86.92,63.6
11/2/2016,47.26,89.98,63.66
11/3/2016,47.43,89.33,63.85
11/4/2016,46.92,89.08,63.43
11/7/2016,47.05,90.6,64.36
11/8/2016,47.72,91.15,64.85
11/9/2016,46.28,90.9,64.97
11/10/2016,45.18,91.39,64.25
11/11/2016,41.73,91.08,65.32
11/14/2016,42.88,91.89,66.46
11/15/2016,43.49,92.34,68.21
11/16/2016,43.26,93.27,67.88
11/17/2016,43,94.38,68.21
11/18/2016,43.49,94.39,68.47
11/21/2016,43.65,95.59,69.82
11/22/2016,43.51,96.39,72.89
11/23/2016,43.25,96.65,73.59
11/25/2016,43.55,96.92,74.2
11/28/2016,43.11,96.57,74.16
11/29/2016,42.77,97.04,74.53
11/30/2016,43.23,96.02,74.24
12/1/2016,44.31,95.77,69.01
12/2/2016,44,95.24,70.11
12/5/2016,43.9,96.05,70.6
12/6/2016,44.68,96,71
12/7/2016,45.2,97.57,72.94
12/8/2016,45.97,98.19,73.88
12/9/2016,46.56,98.22,73.14
12/12/2016,47.02,98.06,72.9
12/13/2016,46.4,98.4,73.1
12/14/2016,45.59,97.69,72.54
12/15/2016,45.74,98.76,73.61
12/16/2016,46.51,100.85,72.09
12/19/2016,46.07,101.09,72.81
12/20/2016,46.22,102.33,73.4
12/21/2016,46.13,102.47,73.6
12/22/2016,45.18,102.6,73.45
12/23/2016,45.15,102.93,73.84
12/27/2016,45.65,103.31,74.31
12/28/2016,45.34,103.05,73.56
12/29/2016,45.36,103.45,73.58
12/30/2016,45.65,102.78,72.62
1/3/2017,46.19,103.5,72.505
1/4/2017,46.11,103.66,72.36
1/5/2017,45.77,103.04,71.32
1/6/2017,44.72,103.11,71.6
1/9/2017,44.75,102.47,71.94
1/10/2017,44.46,102.2,72.35
1/11/2017,44.01,103.2,72.62
1/12/2017,43.44,103.8,72.22
1/13/2017,43.56,103.77,72.67
1/17/2017,44.69,103.07,72.28
1/18/2017,44.95,102.91,73.01
1/19/2017,44.5,102.97,72.44
1/20/2017,44.73,103.24,72.88
1/23/2017,44.71,102.2,72.78
1/24/2017,44.66,103.24,73.51
1/25/2017,45.2,102.7,74.54
1/26/2017,44.55,102.04,74.2
1/27/2017,44.52,101.71,76.93
1/30/2017,44.13,101.97,76.28
1/31/2017,44.26,100.99,74.94
2/1/2017,43.77,95.25,76.17
2/2/2017,43.99,96.32,75.23
2/3/2017,43.99,96.87,75.52
2/6/2017,44.02,96.47,75.53
2/7/2017,44.59,96.29,76.31
2/8/2017,43.46,96.58,77.48
2/9/2017,43.54,97.65,76.51
2/10/2017,43.83,97.82,76.53
2/13/2017,43.71,98.58,77.92
2/14/2017,43.73,99.44,77.84
2/15/2017,44.47,99.65,81.6
2/16/2017,44.1,99.88,81.97
2/17/2017,44.69,99.68,82.48
2/21/2017,44.81,99.22,82.82
2/22/2017,44.72,100.42,82.06
2/23/2017,45.09,101.64,81.61
2/24/2017,45.26,103,81.68
2/27/2017,45.37,102.7,82.28
2/28/2017,46.97,102.62,81.93
3/1/2017,46.51,104.53,83.76
3/2/2017,45.48,104.07,83.65
3/3/2017,45.2,104.5,83.18
3/6/2017,44.76,104.95,83.85
3/7/2017,44.46,104.27,83.41
3/8/2017,43.99,103.71,83.48
3/9/2017,44.42,103.4,83.17
3/10/2017,45.04,104.55,82.2
3/13/2017,44.7,104.84,82.76
3/14/2017,44.67,103.97,83.68
3/15/2017,45.01,104.67,83.51
3/16/2017,44.85,104.25,82.72
3/17/2017,44.72,105.11,83.26
3/20/2017,44.85,104.45,82.9
3/21/2017,44.95,103.12,81.8
3/22/2017,45.61,103.68,82.12
3/23/2017,45.61,103.52,81.54
3/24/2017,45.58,103.38,81.64
3/27/2017,45.35,102.91,81.4
3/28/2017,45.72,103.28,82.2
3/29/2017,46.24,102.13,81.91
3/30/2017,46.11,102.17,82.2
3/31/2017,46.04,102.39,81.95
4/3/2017,45.8,101.27,81.24
4/4/2017,45.41,101.45,81.24
4/5/2017,45.26,101.93,80.04
4/6/2017,45.25,101.75,80.32
4/7/2017,44.89,102.19,80.01
4/10/2017,44.99,102.14,79.33
4/11/2017,44.54,102.09,78.08
4/12/2017,44.65,101.95,76.87
4/13/2017,44.28,101.26,76.51
4/17/2017,44.68,101.86,76.39
4/18/2017,45.41,101.93,77.41
4/19/2017,44.6,102.07,76.99
4/20/2017,44.9,103.04,78.66
4/21/2017,44.81,102.69,77.63
4/24/2017,45.38,104.14,79.22
4/25/2017,45.58,105.01,79.35
4/26/2017,45.27,104.86,77.98
4/27/2017,45.78,105.16,77.85
4/28/2017,45.75,104.49,76.2
5/1/2017,45.73,103.97,76.22
5/2/2017,41.67,104.01,75.51
5/3/2017,41.31,97.51,75.6
5/4/2017,42.4,99.1,75.66
5/5/2017,42.43,99.29,75.79
5/8/2017,42.96,96.7,76.38
5/9/2017,42.36,97.08,78.5
5/10/2017,42.29,96.63,79.03
5/11/2017,42.03,96.46,78.44
5/12/2017,41.96,97.17,78.63
5/15/2017,42.14,98.45,80.21
5/16/2017,41.9,98.32,81.05
5/17/2017,41.52,97.3,78.42
5/18/2017,41.31,98.35,80.48
5/19/2017,41.5,98.62,81.24
5/22/2017,41.5,99.45,82.09
5/23/2017,43.04,99.53,81.96
5/24/2017,42.55,99.98,82.12
5/25/2017,42.62,101.16,82.34
5/26/2017,42.45,101.35,82.81
5/30/2017,42.11,101.53,84.8
5/31/2017,41.58,102.37,85.76
6/1/2017,41.82,103.35,82.21
6/2/2017,42.22,100.98,80.91
6/5/2017,41.94,101.1,78.75
6/6/2017,41.95,101.2,80.1
6/7/2017,41.91,100.94,80.83
6/8/2017,42.01,100.77,82.44
6/9/2017,42.02,100.11,78.6
6/12/2017,42.43,101.54,79.74
6/13/2017,42.36,101.87,81.23
6/14/2017,42.05,101.25,80.94
6/15/2017,42.36,102.17,79.75
6/16/2017,42.56,103.49,80.04
6/19/2017,42.44,104.11,80.37
6/20/2017,41.48,102.48,79.2
6/21/2017,41.25,102.5,79.98
6/22/2017,41.03,101.91,81.32
6/23/2017,41.16,101.41,81.55
6/26/2017,41.3,102.21,80.57
6/27/2017,41,101.5,78.14
6/28/2017,41.14,102.68,79.2
6/29/2017,40.63,101.46,77.74
6/30/2017,41.38,102.46,77.8
7/3/2017,41.46,102.42,76.11
7/5/2017,41.8,104.07,77.74
7/6/2017,41.1,103.44,77.33
7/7/2017,41.24,105.14,78.47
7/10/2017,40.81,103.66,78.73
7/11/2017,40.29,101.84,79.86
7/12/2017,40.9,102.5,80.37
7/13/2017,41.38,101.63,80.27
7/14/2017,41.48,101.35,81.55
7/17/2017,41.6,101.7,81.09
7/18/2017,41.18,101.305,81.14
7/19/2017,41.28,102.75,80.37
7/20/2017,41.42,103.34,80.85
7/21/2017,41.26,104.58,78.96
7/24/2017,41.38,103.54,78.75
7/25/2017,41.96,103.18,79.52
7/26/2017,41.71,105.98,80.72
7/27/2017,41.78,115.63,79.55
7/28/2017,41.78,117.38,79.24
7/31/2017,42.18,118.91,79.01
8/1/2017,42.59,116.78,78.95
8/2/2017,42.49,115.25,78.82
8/3/2017,42.62,111.77,77.94
8/4/2017,42.59,111.39,77.78
8/7/2017,42.44,112.17,78.87
8/8/2017,42.24,108.51,78.97
8/9/2017,42.49,109.66,77.98
8/10/2017,42.12,108.9,76.83
8/11/2017,41.26,108.81,78.04
8/14/2017,41.95,109.69,79.9
8/15/2017,42.05,111.58,79.96
8/16/2017,42.15,111.1,80.06
8/17/2017,41.67,104.68,77.56
8/18/2017,41.27,104.41,77.74
8/21/2017,41.56,102.89,77.7
8/22/2017,41.72,103.72,79.17
8/23/2017,41.77,103.46,79.07
8/24/2017,41.08,104.59,79.27
8/25/2017,41.75,104.59,78.97
8/28/2017,41.77,104.76,79.44
8/29/2017,41.74,105.12,79.55
8/30/2017,41.86,105.93,83.72
8/31/2017,41.32,106.47,83.67
9/1/2017,42.2,107.35,84.38
9/5/2017,41.94,106.43,83
9/6/2017,42.4,108.05,82.51
9/7/2017,42.59,108.92,81.1
9/8/2017,42.37,108.41,80.44
9/11/2017,42.79,107.5,82.22
9/12/2017,43.21,107.92,82.15
9/13/2017,43.29,107.2,82.06
9/14/2017,43.45,106.79,82.34
9/15/2017,43.84,106.78,83.84
9/18/2017,44.09,106.55,85.17
9/19/2017,43.89,107.48,85.24
9/20/2017,43.32,106.83,83.69
9/21/2017,43.29,106.79,84.24
9/22/2017,43.38,108.16,84.92
9/25/2017,43.57,108.82,83.88
9/26/2017,43.52,108.27,83.91
9/27/2017,43.05,109.64,84.92
9/28/2017,42.75,109.02,85.64
9/29/2017,42.51,109.32,86.17
10/2/2017,42.62,109.32,85.82
10/3/2017,42.72,110.71,85.9
10/4/2017,43.03,111.4,87
10/5/2017,43.35,113.57,87.89
10/6/2017,43,113.48,87.87
10/9/2017,42.61,113.57,87.71
10/10/2017,43.01,114.11,87.99
10/11/2017,43.29,113.09,88.57
10/12/2017,43.44,113.59,88.83
10/13/2017,44,113.86,89.06
10/16/2017,43.7,114.58,88.83
10/17/2017,43.67,113.72,88.94
10/18/2017,43.31,113.93,89
10/19/2017,43.31,114.62,88.8
10/20/2017,43.49,115.93,88.93
10/23/2017,43.57,117.01,88.77
10/24/2017,43.73,116.46,90.29
10/25/2017,43.49,116.34,89.86
10/26/2017,43.01,117.3,90.56
10/27/2017,43.07,118.25,91.21
10/30/2017,42.81,116.98,91.32
10/31/2017,40.87,116.26,91.3
11/1/2017,40.62,115.4,90.99
11/2/2017,40.16,114.34,90.79
11/3/2017,39.78,112.24,91.81
11/6/2017,39.27,111.33,92.28
11/7/2017,39.54,112.75,91.9
11/8/2017,39.8,112.59,92
11/9/2017,39.6,111.97,89.7
11/10/2017,39.93,111.09,89.59
11/13/2017,39.74,111.53,90.03
11/14/2017,39.79,112.08,90.44
11/15/2017,38.96,110.66,89.16
11/16/2017,39.19,111.03,90.48
11/17/2017,39.42,111.06,90.42
11/20/2017,39.2,110.53,93.07
11/21/2017,39.34,110.56,90.19
11/22/2017,39.24,110.21,88.65
11/24/2017,39.14,110.02,89.15
11/27/2017,39.07,110.14,87.45
11/28/2017,39.09,111.22,87.07
11/29/2017,39.77,113.33,85.66
11/30/2017,39.88,114.46,86.11
12/1/2017,40.83,113.75,85.4
12/4/2017,41.2,114.81,84.79
12/5/2017,40.84,115.68,84.83
12/6/2017,41.22,115.92,85.41
12/7/2017,41.31,115.88,86.11
12/8/2017,41.51,116.02,85.52
12/11/2017,41.9,117.82,85.8
12/12/2017,41.77,117.05,85.48
12/13/2017,40.05,117.02,85.18
12/14/2017,39.57,116.46,85.44
12/15/2017,40.56,118.19,86.69
12/18/2017,40.22,118.64,88.09
12/19/2017,40.13,118.34,87.95
12/20/2017,39.87,117.86,88.65
12/21/2017,40.09,117.4,88.65
12/22/2017,40.19,116.88,88.85
12/26/2017,40.26,117.57,88.63
12/27/2017,40.24,117.26,89.1
12/28/2017,40.27,117.31,89.38
12/29/2017,40.08,117.19,89.03
1/2/2018,40.09,115.99,90.28
1/3/2018,39.78,117.25,91.4
1/4/2018,40.45,118.37,91.3
1/5/2018,40.18,118.3,91.67
1/8/2018,40.09,117.94,91.83
1/9/2018,40.22,118.76,91.64
1/10/2018,39.91,117.65,90.11
1/11/2018,40.56,117.18,91.19
1/12/2018,40.5,118.47,92.02
1/16/2018,40.78,119.39,93.1
1/17/2018,40.91,122.05,95.57
1/18/2018,40.48,120.9,97.24
1/19/2018,40.96,121.44,96.14
1/22/2018,42.75,122.77,96.65
1/23/2018,42.61,122.1,96.47
1/24/2018,42.84,120.86,95.34
1/25/2018,42.89,120.63,91.98
1/26/2018,43.59,122.33,93.84
1/29/2018,43.11,120.76,93.78
1/30/2018,42.48,120.81,91.55
1/31/2018,42.95,123.63,91.88
2/1/2018,42.46,120.42,91.65
2/2/2018,41.43,118.57,89.11
2/5/2018,40.6,114.07,85.4
2/6/2018,42,112.95,88.54
2/7/2018,42.19,113.56,85.35
